cue_key,kind,status,asset_title,uploader,pixabay_page_url,download_date,licence_status_on_download_date,licence_evidence_file,edit_file_name,shot,offset_s,excerpt_in_s,window_s,duration_s,level_db_rel_narration,solo_dbfs,fade_in_s,fade_out_s,approved_by,notes
bed-film-roomtone,bed,PLACED,Bedroom Room Tone,kai_audio,https://pixabay.com/sound-effects/household-bedroom-room-tone-446021/,2026-09-09,Free for use under the Pixabay Content Licence,licence-evidence/K46_warm-room-tone_licence.jpg,kai_audio-bedroom-room-tone-446021.mp3,K01,0.00,9.20,60.00,357.88,-20,,2.00,3.00,,"THE FLOOR. Neutral room tone across the whole film so no shot sits in a vacuum. Speech-band energy measures 0.00, so it carries no voice at all. Carved automatically at the four silence cues | licence must cover public event screening, YouTube monetised or not, social media and website embedding, worldwide, in perpetuity. `14` items 5.1 and 5.2"
bed-act1-morning,bed,PLACED,Countryside morning sounds,dbsound,https://pixabay.com/sound-effects/nature-countryside-morning-sounds-246032/,2026-09-09,Free for use under the Pixabay Content Licence,licence-evidence/K10_countryside-morning-birds_licence.jpg,dbsound-countryside-morning-sounds-246032.mp3,K01,0.00,2.00,26.00,38.98,-15,,2.50,2.00,,"ACT 1. Village morning under the child and the question. Excerpt avoids the 0.0s window sfx_voicecheck.py scored highest | licence must cover public event screening, YouTube monetised or not, social media and website embedding, worldwide, in perpetuity. `14` items 5.1 and 5.2"
bed-act2-village,bed,PLACED,Countryside morning sounds,dbsound,https://pixabay.com/sound-effects/nature-countryside-morning-sounds-246032/,2026-09-09,Free for use under the Pixabay Content Licence,licence-evidence/K10_countryside-morning-birds_licence.jpg,dbsound-countryside-morning-sounds-246032.mp3,K07,0.00,7.70,20.00,47.00,-16,,2.00,2.50,,"ACT 2, 2016. Same morning, lower, so the origin story stays in the same place as the opening | licence must cover public event screening, YouTube monetised or not, social media and website embedding, worldwide, in perpetuity. `14` items 5.1 and 5.2"
bed-act3-field,bed,PLACED,Open_field_winds_summer_ambience,nickmaymusic (Freesound) / freesound_community,https://pixabay.com/sound-effects/nature-open-field-winds-summer-ambience-64761/,2026-09-09,Free for use under the Pixabay Content Licence,licence-evidence/K10_light-wind-field_licence.jpg,freesound_community-open_field_winds_summer_ambience-64761.mp3,K14,0.00,0.40,26.00,90.30,-15,,2.50,2.50,,"ACT 3, ten years of showing up. Open field wind. 3-8Hz modulation peaks at 0.151, no syllable rate, this is wind | licence must cover public event screening, YouTube monetised or not, social media and website embedding, worldwide, in perpetuity. `14` items 5.1 and 5.2"
bed-act4-insects,bed,PLACED,dbsound-insects-birds-field-596099.mp3,UNKNOWN,NOT CAPTURED,2026-09-09,NOT CAPTURED,NOT CAPTURED,dbsound-insects-birds-field-596099.mp3,K26,0.00,100.00,80.00,116.00,-17,,3.00,3.00,,"ACT 4, method and care. Excerpt taken from 100s, clear of the 89-97s cluster where the speech band rises. Modulation there is 0.05-0.10, tonal insects rather than syllables, but the excerpt avoids it anyway | licence must cover public event screening, YouTube monetised or not, social media and website embedding, worldwide, in perpetuity. `14` items 5.1 and 5.2"
bed-act4-village,bed,PLACED,Indian Village ambience,ranjit_foley,https://pixabay.com/sound-effects/nature-indian-village-ambience-219221/,2026-09-09,Free for use under the Pixabay Content Licence,licence-evidence/K26_distant-village-ambience_licence.jpg,ranjit_foley-indian-village-ambience-219221.mp3,K30,0.00,268.00,12.50,60.00,-21,,2.50,2.50,,"ACT 4 depth, under the field work. CUT ONLY FROM 268.0s. sfx_voicecheck.py found clear speech at 65.5s, 202.0s and six other points in this file; 268.0s begins the one 12.5s run in the calmest quartile. 14 item 2.4. A human must still confirm this excerpt by ear | licence must cover public event screening, YouTube monetised or not, social media and website embedding, worldwide, in perpetuity. `14` items 5.1 and 5.2"
bed-act5-pad,bed,PLACED,Warm Pad Fragment – Short,GigiDeLaRoMusic,https://pixabay.com/sound-effects/musical-warm-pad-fragment-short-450964/,2026-09-09,Free for use under the Pixabay Content Licence,licence-evidence/K42_soft-warm-string-swell_licence.jpg,gigidelaromusic-warm-pad-fragment-short-450964.mp3,K41,0.00,1.50,34.00,48.60,-15,,3.00,4.50,,"ACT 5. Warm pad carrying the future section and the end card. This is the K42 swell the shopping list asked for, spread across the act instead of spent on one shot. Pixabay marks it AI generated | licence must cover public event screening, YouTube monetised or not, social media and website embedding, worldwide, in perpetuity. `14` items 5.1 and 5.2"
bed-act5-spring,bed,PLACED,tape-echo-spring-spring-is-coming_25sec-596343.mp3,UNKNOWN,NOT CAPTURED,2026-09-09,NOT CAPTURED,NOT CAPTURED,tape-echo-spring-spring-is-coming_25sec-596343.mp3,K38,0.00,1.00,22.00,27.04,-20,,3.00,3.00,,"Tonal lift under the gratitude and coverage stretch, resolving into Act 5. Sits below the pad it hands over to | licence must cover public event screening, YouTube monetised or not, social media and website embedding, worldwide, in perpetuity. `14` items 5.1 and 5.2"
k01-bell,accent,PLACED,universfield-school-bell-199584.mp3,UNKNOWN,NOT CAPTURED,2026-09-09,NOT CAPTURED,NOT CAPTURED,universfield-school-bell-199584.mp3,K01,1.20,0.30,,2.20,-16,-20,0.05,1.20,,"ACT 1. Distant bell over the opening board, under no narration. The only bell in the film | licence must cover public event screening, YouTube monetised or not, social media and website embedding, worldwide, in perpetuity. `14` items 5.1 and 5.2"
k04-piano,accent,PLACED,1 note piano,V_InLuna (Freesound) / freesound_community,https://pixabay.com/sound-effects/musical-1-note-piano-104171/,2026-09-09,Free for use under the Pixabay Content Licence,licence-evidence/K04_single-soft-piano-note_licence.jpg,freesound_community-1-note-piano-104171.mp3,K04,5.90,0,,1.90,-16,-24,0.02,0.90,,"The school-fee line, under the dignity rule. One note into the 2s pause. 11 wanted this to belong to the score; there is no score, so it goes here | licence must cover public event screening, YouTube monetised or not, social media and website embedding, worldwide, in perpetuity. `14` items 5.1 and 5.2"
k05-riser,accent,PLACED,black_kumizhi-dreamy-cinematic-riser-523158.mp3,UNKNOWN,NOT CAPTURED,2026-09-09,NOT CAPTURED,NOT CAPTURED,black_kumizhi-dreamy-cinematic-riser-523158.mp3,K05,0.10,7.10,,2.20,-13,,0.60,0.40,,"Warm tonal riser resolving into the wordmark reveal at K05 +0.6s | licence must cover public event screening, YouTube monetised or not, social media and website embedding, worldwide, in perpetuity. `14` items 5.1 and 5.2"
k05-impact,accent,PLACED,Cinematic Low Hit,Universfield,https://pixabay.com/sound-effects/cinematic-low-hit-291095/,2026-09-09,Free for use under the Pixabay Content License,tools/sfx/licence-evidence/impact-licence-evidence.jpg,universfield-cinematic-low-hit-291095.mp3,K05,1.60,0,,1.60,-14,,0.02,0.70,,"Soft low impact on the 2016 ರಿಂದ 2026 line. Lands rather than booms | licence must cover public event screening, YouTube monetised or not, social media and website embedding, worldwide, in perpetuity. `14` items 5.1 and 5.2"
k07-whoosh,accent,PLACED,lesiakower-gentle-amp-echoing-whoosh-sound-effect-451056.mp3,UNKNOWN,NOT CAPTURED,2026-09-09,NOT CAPTURED,NOT CAPTURED,lesiakower-gentle-amp-echoing-whoosh-sound-effect-451056.mp3,K07,0.15,0,,2.60,-14,,0,0.80,,"ACT 2. Gold rule on the organisation card. Whoosh 1 of 3 | licence must cover public event screening, YouTube monetised or not, social media and website embedding, worldwide, in perpetuity. `14` items 5.1 and 5.2"
k11-page,accent,PLACED,creatorshome-turn-a-page-336933.mp3,UNKNOWN,NOT CAPTURED,2026-09-09,NOT CAPTURED,NOT CAPTURED,creatorshome-turn-a-page-336933.mp3,K11,0.15,0,,0,-13,,0,0,,"2016 first school visit. One dry page turn, the archive beat | licence must cover public event screening, YouTube monetised or not, social media and website embedding, worldwide, in perpetuity. `14` items 5.1 and 5.2"
k15-whoosh,accent,PLACED,lesiakower-gentle-amp-echoing-whoosh-sound-effect-451056.mp3,UNKNOWN,NOT CAPTURED,2026-09-09,NOT CAPTURED,NOT CAPTURED,lesiakower-gentle-amp-echoing-whoosh-sound-effect-451056.mp3,K15,7.80,0,,2.00,-18,-23,0.20,0.80,,"ACT 3 transition, into the 2s pause across the thin years. Whoosh 2 of 3 | licence must cover public event screening, YouTube monetised or not, social media and website embedding, worldwide, in perpetuity. `14` items 5.1 and 5.2"
k17-rustle,accent,PLACED,Paper rustle,spinopel,https://pixabay.com/sound-effects/film-special-effects-paper-rustle-345748/,2026-09-09,Free for use under the Pixabay Content Licence,licence-evidence/K17_paper-rustle-single-sheet_licence.jpg,spinopel-paper-rustle-345748.mp3,K17,0.30,4.20,,2.60,-14,,0.30,1.00,,"The one-page COVID announcement. Shopping list item 1 of 3 on the reinstated list | licence must cover public event screening, YouTube monetised or not, social media and website embedding, worldwide, in perpetuity. `14` items 5.1 and 5.2"
k18-book,accent,PLACED,creatorshome-turn-a-page-336933.mp3,UNKNOWN,NOT CAPTURED,2026-09-09,NOT CAPTURED,NOT CAPTURED,creatorshome-turn-a-page-336933.mp3,K18,0.40,0,,0,-15,,0,0,,"Library shelves. Page used as the book proxy until a book file is auditioned | licence must cover public event screening, YouTube monetised or not, social media and website embedding, worldwide, in perpetuity. `14` items 5.1 and 5.2"
k21-riser,accent,PLACED,audiopapkin-riser-hit-sfx-001-289802.mp3,UNKNOWN,NOT CAPTURED,2026-09-09,NOT CAPTURED,NOT CAPTURED,audiopapkin-riser-hit-sfx-001-289802.mp3,K21,5.60,0,,2.80,-15,,0.50,0.60,,"ACT 3 lift into the MM Hills reveal. The riser-plus-hit the shopping list said to audition. Kept under the whoosh family so it reads as a swell, not a trailer cue | licence must cover public event screening, YouTube monetised or not, social media and website embedding, worldwide, in perpetuity. `14` items 5.1 and 5.2"
k22-zip,accent,PLACED,freesound_community-backpack-34942.mp3,UNKNOWN,NOT CAPTURED,2026-09-09,NOT CAPTURED,NOT CAPTURED,freesound_community-backpack-34942.mp3,K22,0.40,3.20,,2.00,-13,,0.10,0.60,,"Two hundred school bags at MM Hills | licence must cover public event screening, YouTube monetised or not, social media and website embedding, worldwide, in perpetuity. `14` items 5.1 and 5.2"
k23-impact,accent,PLACED,Cinematic Low Hit,Universfield,https://pixabay.com/sound-effects/cinematic-low-hit-291095/,2026-09-09,Free for use under the Pixabay Content License,tools/sfx/licence-evidence/impact-licence-evidence.jpg,universfield-cinematic-low-hit-291095.mp3,K23,3.80,0,,1.40,-13,,0.02,0.60,,"Soft low land under ಮುನ್ನೂರು, then the 2.5s hold stays clean | licence must cover public event screening, YouTube monetised or not, social media and website embedding, worldwide, in perpetuity. `14` items 5.1 and 5.2"
k28-thud,accent,PLACED,Hit Windy Thud,SoundReality,https://pixabay.com/sound-effects/film-special-effects-hit-windy-thud-399086/,2026-09-09,Free for use under the Pixabay Content Licence,licence-evidence/K05-K23_low-tonal-hit_licence.jpg,soundreality-hit-windy-thud-399086.mp3,K28,0.20,0.60,,2.40,-17,,0.10,1.20,,"ACT 4 turn. Act 4 opens by removing the percussion, so the turn gets one soft windy landing and nothing else | licence must cover public event screening, YouTube monetised or not, social media and website embedding, worldwide, in perpetuity. `14` items 5.1 and 5.2"
k29-card,accent,PLACED,Electronic Impact (Soft),EdR,https://pixabay.com/sound-effects/film-special-effects-electronic-impact-soft-10019/,2026-09-09,Free for use under the Pixabay Content Licence,licence-evidence/K05-K23_deep-soft-impact_licence.jpg,edr-electronic-impact-soft-10019.mp3,K29,0.20,0.30,,1.60,-16,,0.02,0.80,,"Soft landing on the card reveal. Chosen over the low hit so the two impacts stay the film's only two | licence must cover public event screening, YouTube monetised or not, social media and website embedding, worldwide, in perpetuity. `14` items 5.1 and 5.2"
k30-swell,accent,PLACED,soundreality-riser-wildfire-285209.mp3,UNKNOWN,NOT CAPTURED,2026-09-09,NOT CAPTURED,NOT CAPTURED,soundreality-riser-wildfire-285209.mp3,K30,6.20,3.00,,3.00,-20,,1.20,1.40,,"Low swell under the field work. 11 rejected this file as the wrong register at full level; at -23 and cut from its tail it reads as air, not fire. First to cut if it announces itself | licence must cover public event screening, YouTube monetised or not, social media and website embedding, worldwide, in perpetuity. `14` items 5.1 and 5.2"
k35-whoosh,accent,PLACED,lesiakower-gentle-amp-echoing-whoosh-sound-effect-451056.mp3,UNKNOWN,NOT CAPTURED,2026-09-09,NOT CAPTURED,NOT CAPTURED,lesiakower-gentle-amp-echoing-whoosh-sound-effect-451056.mp3,K35,0.15,0,,2.60,-15,,0,0.80,,"ACT 4. Partners card reveal. Whoosh 3 of 3, lower than K07 | licence must cover public event screening, YouTube monetised or not, social media and website embedding, worldwide, in perpetuity. `14` items 5.1 and 5.2"
k36-page,accent,PLACED,creatorshome-turn-a-page-336933.mp3,UNKNOWN,NOT CAPTURED,2026-09-09,NOT CAPTURED,NOT CAPTURED,creatorshome-turn-a-page-336933.mp3,K36,0.30,0,,0,-14,,0,0,,"Udayavani clipping, 19 June 2024. One page turn | licence must cover public event screening, YouTube monetised or not, social media and website embedding, worldwide, in perpetuity. `14` items 5.1 and 5.2"
k41-riser,accent,PLACED,black_kumizhi-dreamy-cinematic-riser-523158.mp3,UNKNOWN,NOT CAPTURED,2026-09-09,NOT CAPTURED,NOT CAPTURED,black_kumizhi-dreamy-cinematic-riser-523158.mp3,K41,0.00,2.00,,1.80,-15,,0.60,0.50,,"ACT 5. Understated lift into the future section | licence must cover public event screening, YouTube monetised or not, social media and website embedding, worldwide, in perpetuity. `14` items 5.1 and 5.2"
k44-zip,accent,PLACED,BACKPACK ZIPPER SFX @MRSTOKES302,Mrstokes302,https://pixabay.com/sound-effects/film-special-effects-backpack-zipper-sfx-mrstokes302-585349/,2026-09-09,Free for use under the Pixabay Content Licence,licence-evidence/K44_school-bag-zip-single_licence.jpg,mrstokes302-backpack-zipper-sfx-mrstokes302-585349.mp3,K44,0.40,0.40,,1.80,-14,,0.10,0.70,,"The classroom of children with bags. Shopping list item 2 of 3 on the reinstated list. A different zip from k22 so the pair does not read as one sound twice | licence must cover public event screening, YouTube monetised or not, social media and website embedding, worldwide, in perpetuity. `14` items 5.1 and 5.2"
k46-applause,accent,PLACED,vvqne-applause-383901.mp3,UNKNOWN,NOT CAPTURED,2026-09-09,NOT CAPTURED,NOT CAPTURED,vvqne-applause-383901.mp3,K46,0.60,2.40,,5.20,-20,-26,1.20,2.60,,"End card. 11 section 1 gives applause exactly one home in this film: under the end card, low, never under speech. This is it | licence must cover public event screening, YouTube monetised or not, social media and website embedding, worldwide, in perpetuity. `14` items 5.1 and 5.2"
