timecode,seconds,shot,act,visual_scene,narration_line,music_cue,music_intensity_1_5,music_level_db_rel_narration,music_fade,sfx_cue,sfx_source,sfx_level_db_rel_narration,sfx_fade,notes
00:00:00:00,0.00,K01,1 · ಆರಂಭ · the child and the question,PHOTO A228 · 2025 government primary school sign,"(no narration, 7.0s hold)","Low near-static drone. Solo bansuri enters on one breath, no phrase yet",1,-30 rising to -24,in 4.0s from silence,,,,,
00:00:00:00,0.00,K01,1 · ಆರಂಭ · the child and the question,PHOTO A228 · 2025 government primary school sign,(no narration),,,,,"Neutral room tone, the floor under the whole film",https://pixabay.com/sound-effects/household-bedroom-room-tone-446021/,-20,in 2.00s / out 3.00s,"[placed] kai_audio Bedroom Room Tone, tiled across all 357.88s. Speech-band energy measures 0.00, so it carries no voice at all. Carved automatically at K06, K12, K27 and K34 with a 0.40s fade either side, so the written silences stay a true -120 dBFS"
00:00:00:00,0.00,K01,1 · ಆರಂಭ · the child and the question,PHOTO A228 · 2025 government primary school sign,(no narration),,,,,Village morning under act 1,https://pixabay.com/sound-effects/nature-countryside-morning-sounds-246032/,-15,in 2.50s / out 2.00s,"[placed] dbsound Countryside morning sounds. Puts the audience in a Karnataka village before the narration names the trust, which is what the single 2.2s spot at K10 used to attempt in isolation"
00:00:01:05,1.20,K01,1 · ಆರಂಭ · the child and the question,PHOTO A228 · 2025 government primary school sign,(no narration),,,,,"Distant school bell, once in the film",https://pixabay.com/sound-effects/school-bell-199584/,-16,in 0.05s / out 1.20s,"[placed] Under picture with no narration. The only bell in the film, and one of four effects that play at a stated solo level because there is no voice to duck beneath: -20 dBFS"
00:00:07:00,7.00,K02,1 · ಆರಂಭ · the child and the question,PHOTO A240 · 2025 schoolwide supplies group photo,"ಪ್ರತಿ ವರ್ಷ, ಕರ್ನಾಟಕದ ಹಳ್ಳಿಗಳಲ್ಲಿ, ಮಕ್ಕಳು ತಮ್ಮ ಬಳಿ ಇರುವುದೆಲ್ಲವನ್ನೂ ಒಂದೇ ಚೀಲದಲ್ಲಿ ಹೊತ್ತು ಶಾಲೆಗೆ ನಡೆಯುತ್ತಾರೆ.","Bansuri states the four-note motif for the first time, unaccompanied",2,-26,-,,,,,
00:00:15:16,15.64,K03,1 · ಆರಂಭ · the child and the question,PHOTO A206 · 2025 child with school kit close up,ಅವರಿಗೆ ಬುದ್ಧಿ ಇದೆ. ಕಲಿಯುವ ಹಂಬಲ ಇದೆ.,Motif stops mid-phrase. Drone alone under ಬುದ್ಧಿ ಇದೆ / ಹಂಬಲ ಇದೆ,1,-28,-,,,,,1.0s pause written into this shot
00:00:19:21,19.84,K04,1 · ಆರಂಭ · the child and the question,PHOTO A226 · 2025 colorful school building,"ಆದರೆ ಆ ನಡಿಗೆಗೂ ತರಗತಿಗೂ ನಡುವೆ, ಶಾಲಾ ಶುಲ್ಕ ಒಂದು ತೀರ್ಮಾನ ತೆಗೆದುಕೊಂಡು ಬಿಡುತ್ತದೆ.","Melody out. Drone alone under the school-fee line, then the 2s pause",1,-26,-,,,,,2.0s pause written into this shot
00:00:25:19,25.74,K04,1 · ಆರಂಭ · the child and the question,PHOTO A226 · 2025 colorful school building,"ಆದರೆ ಆ ನಡಿಗೆಗೂ ತರಗತಿಗೂ ನಡುವೆ, ಶಾಲಾ ಶುಲ್ಕ ಒಂದು ತೀರ್ಮಾನ ತೆಗೆದುಕೊಂಡು ಬಿಡುತ್ತದೆ.",,,,,One piano note on the school-fee line,https://pixabay.com/sound-effects/1-note-piano-104171/,-16,in 0.02s / out 0.90s,"[placed] Under the dignity rule, into the 2s pause. `11` wanted this beat to belong to the score; there is no score, so it goes here. Solo -24 dBFS"
00:00:28:00,28.00,K05,1 · ಆರಂಭ · the child and the question,CARD GFX-01 · ಲಾ ಪಾರ್ಕ್ ಎಜುಕೇಷನಲ್ ಟ್ರಸ್ಟ್ // ಹತ್ತು ವರ್ಷ · 2016 ರಿಂದ 2026,"ಹತ್ತು ವರ್ಷಗಳಿಂದ, ಒಂದು ಟ್ರಸ್ಟ್ ಸರಿಯಾಗಿ ಅಲ್ಲಿಯೇ ಬಂದು ನಿಂತಿದೆ.","Drone lifts a fifth under the title, resolves to a single held bansuri note",2,-24,out 0.8s,,,,,
00:00:28:02,28.10,K05,1 · ಆರಂಭ · the child and the question,CARD GFX-01 · ಲಾ ಪಾರ್ಕ್ ಎಜುಕೇಷನಲ್ ಟ್ರಸ್ಟ್ // ಹತ್ತು ವರ್ಷ · 2016 ರಿಂದ 2026,"ಹತ್ತು ವರ್ಷಗಳಿಂದ, ಒಂದು ಟ್ರಸ್ಟ್ ಸರಿಯಾಗಿ ಅಲ್ಲಿಯೇ ಬಂದು ನಿಂತಿದೆ.",,,,,Soft warm tonal riser into the title,https://pixabay.com/sound-effects/dreamy-cinematic-riser-523158/,-13,in 0.60s / out 0.40s,"[placed] Resolves into the wordmark reveal at K05 +0.6s, before the subtitle at +1.6s"
00:00:29:15,29.60,K05,1 · ಆರಂಭ · the child and the question,CARD GFX-01 · ಲಾ ಪಾರ್ಕ್ ಎಜುಕೇಷನಲ್ ಟ್ರಸ್ಟ್ // ಹತ್ತು ವರ್ಷ · 2016 ರಿಂದ 2026,"ಹತ್ತು ವರ್ಷಗಳಿಂದ, ಒಂದು ಟ್ರಸ್ಟ್ ಸರಿಯಾಗಿ ಅಲ್ಲಿಯೇ ಬಂದು ನಿಂತಿದೆ.",,,,,Soft warm low impact on the 2016 ರಿಂದ 2026 line,https://pixabay.com/sound-effects/cinematic-low-hit-291095/,-14,in 0.02s / out 0.70s,"[placed] Universfield Cinematic Low Hit, 2.38s. Replaced the trailer-class placeholder `11` rejected by name. `11` puts the low impact on this line and nowhere near K27. Impact 1 of 2"
00:00:33:00,32.98,K06,1 · ಆರಂಭ · the child and the question,"CARD GFX-02 · ""ಶಿಕ್ಷಣದ ವಿಷಯದಲ್ಲಿ ಯಾವ ಮಗುವೂ ಹಿಂದೆ ಉಳಿಯಬಾರದು."" // ಚಾರುಲತಾ ಎಂ. ಆರ್., ಸಂ","(no narration, 6.0s hold)","MUSIC OUT COMPLETELY. Room tone only, six seconds, under the founder's quote",0,silent,out complete by 32.98s,,,,,six seconds fully silent under the founder's quote
00:00:39:00,38.98,K07,2 · 2016 · one beginning,"CARD GFX-03 · ನೋಂದಾಯಿತ ಶೈಕ್ಷಣಿಕ ಟ್ರಸ್ಟ್ // ಎಚ್.ಎಸ್.ಆರ್. ಲೇಔಟ್, ಬೆಂಗಳೂರು","ಲಾ ಪಾರ್ಕ್ ಎಜುಕೇಷನಲ್ ಟ್ರಸ್ಟ್, ಬೆಂಗಳೂರಿನ ಎಚ್.ಎಸ್.ಆರ್. ಲೇಔಟ್‌ನಲ್ಲಿರುವ ನೋಂದಾಯಿತ ಶೈಕ್ಷಣಿಕ ಟ್ರಸ್ಟ್.","Bansuri returns, same motif, warmer register",2,-26,in 1.2s,,,,,
00:00:39:00,38.98,K07,2 · 2016 · one beginning,"CARD GFX-03 · ನೋಂದಾಯಿತ ಶೈಕ್ಷಣಿಕ ಟ್ರಸ್ಟ್ // ಎಚ್.ಎಸ್.ಆರ್. ಲೇಔಟ್, ಬೆಂಗಳೂರು","ಲಾ ಪಾರ್ಕ್ ಎಜುಕೇಷನಲ್ ಟ್ರಸ್ಟ್, ಬೆಂಗಳೂರಿನ ಎಚ್.ಎಸ್.ಆರ್. ಲೇಔಟ್‌ನಲ್ಲಿರುವ ನೋಂದಾಯಿತ ಶೈಕ್ಷಣಿಕ ಟ್ರಸ್ಟ್.",,,,,"The same morning, lower, under act 2",https://pixabay.com/sound-effects/nature-countryside-morning-sounds-246032/,-16,in 2.00s / out 2.50s,"[placed] 2016, the origin story. Deliberately the same recording as act 1 and 3 dB further down, so the beginning stays in the same place as the opening"
00:00:39:03,39.13,K07,2 · 2016 · one beginning,"CARD GFX-03 · ನೋಂದಾಯಿತ ಶೈಕ್ಷಣಿಕ ಟ್ರಸ್ಟ್ // ಎಚ್.ಎಸ್.ಆರ್. ಲೇಔಟ್, ಬೆಂಗಳೂರು","ಲಾ ಪಾರ್ಕ್ ಎಜುಕೇಷನಲ್ ಟ್ರಸ್ಟ್, ಬೆಂಗಳೂರಿನ ಎಚ್.ಎಸ್.ಆರ್. ಲೇಔಟ್‌ನಲ್ಲಿರುವ ನೋಂದಾಯಿತ ಶೈಕ್ಷಣಿಕ ಟ್ರಸ್ಟ್.",,,,,Gentle airy whoosh on the gold rule,https://pixabay.com/sound-effects/gentle-amp-echoing-whoosh-sound-effect-451056/,-14,out 0.80s,"[placed] Whoosh 1 of 3. On the rule, not on the cut"
00:00:45:24,45.94,K08,2 · 2016 · one beginning,PHOTOCARD A059 · Charulatha MR,ಇದನ್ನು ಸ್ಥಾಪಿಸಿದವರು ಚಾರುಲತಾ ಎಂ. ಆರ್. ಟ್ರಸ್ಟ್ ಶುರುವಾಗುವ ಮೊದಲೇ ಅವರು ತಮ್ಮ ಬಡಾವಣೆಯ ಮಕ್ಕಳ ಶಾಲಾ ಶುಲ್ಕವನ್ನು ತಾವೇ ಕಟ್ಟುತ್ತಿದ್ದರು.,"One low cello note enters under the founder. Felt piano, single notes, sparse",2,-26,-,,,,,
00:00:56:03,56.10,K09,2 · 2016 · one beginning,PHOTOCARD A082 · trustee mr sm manjunatha,ಅವರ ಜೊತೆಗೂಡಿದವರು ಸಾದೇನಹಳ್ಳಿಯ ಎಸ್. ಎಂ. ಮಂಜುನಾಥ. ಓದಲೆಂದು ಊರು ಬಿಟ್ಟು ನಗರಕ್ಕೆ ಬಂದ ತಮ್ಮ ಕುಟುಂಬದ ಮೊದಲ ವ್ಯಕ್ತಿ.,"Cello holds. Piano answers the bansuri motif once, an octave down",2,-26,-,,,,,
00:01:04:19,64.74,K10,2 · 2016 · one beginning,PHOTO A234 · 2025 saraswati primary school sign,ತಮ್ಮ ಊರಿನ ಹಲವು ಮಕ್ಕಳನ್ನು ಅವರು ಆಗಲೇ ಓದಿಸಿದ್ದರು.,Thins to drone across the 2s pause. Piano out,1,-28,out 1.5s,,,,,2.0s pause written into this shot
00:01:10:08,70.34,K11,2 · 2016 · one beginning,PHOTOCARD A061 · charu talk,2016ರಲ್ಲಿ ಅವರು ಮೊದಲ ಶಾಲಾ ಭೇಟಿ ಮಾಡಿದರು.,"Felt piano alone, three notes, no drone swell. The archive beat",2,-27,in 0.8s,,,,,
00:01:10:12,70.49,K11,2 · 2016 · one beginning,PHOTOCARD A061 · charu talk,2016ರಲ್ಲಿ ಅವರು ಮೊದಲ ಶಾಲಾ ಭೇಟಿ ಮಾಡಿದರು.,,,,,"Single page turn, archival",https://pixabay.com/sound-effects/turn-a-page-336933/,-13,-,"[placed] The 2016 first school visit. Dry, one page. The loudest accent in the film relative to the voice at -13, because it is the only one carrying a story beat on its own"
00:01:14:08,74.34,K12,2 · 2016 · one beginning,CARD GFX-04 · ಒಂದು ಮಗು. // ಒಂದು ವಿದ್ಯಾರ್ಥಿವೇತನ.,ಚಿಕ್ಕಬಳ್ಳಾಪುರ. ಒಂದು ಮಗು. ಒಂದು ವಿದ್ಯಾರ್ಥಿವೇತನ.,"SILENCE. The line lands on its own, then 1.0s hold before the cut",0,silent,out complete by 74.34s,,,,,silence under ಒಂದು ಮಗು. ಒಂದು ವಿದ್ಯಾರ್ಥಿವೇತನ.
00:01:20:12,80.46,K13,2 · 2016 · one beginning,PHOTO A254 · children with steel plates and glasses distribution,ಅದೇ ಭೇಟಿಯಲ್ಲಿ ನೂರೈವತ್ತು ವಿದ್ಯಾರ್ಥಿಗಳಿಗೆ ಸ್ಟೀಲ್ ತಟ್ಟೆ ಮತ್ತು ಲೋಟ ವಿತರಿಸಲಾಯಿತು.,"Drone alone returns, very low. No melody under the steel plates line",1,-30,in 2.0s,,,,,
00:01:26:00,85.98,K14,3 · ಒಂದು ದಶಕದ ಹಾದಿ · ten years of showing up,PHOTO A144 · 2017 scholarship group photo on school veranda,2017ರಲ್ಲಿ ಒಂದು ಹತ್ತಾಯಿತು. ಹತ್ತು ವಿದ್ಯಾರ್ಥಿಗಳಿಗೆ ವಿದ್ಯಾರ್ಥಿವೇತನ.,ACT 3. Melody enters properly for the first time. Bansuri and piano together,3,-24,in 1.5s,,,,,
00:01:26:00,85.98,K14,3 · ಒಂದು ದಶಕದ ಹಾದಿ · ten years of showing up,PHOTO A144 · 2017 scholarship group photo on school veranda,2017ರಲ್ಲಿ ಒಂದು ಹತ್ತಾಯಿತು. ಹತ್ತು ವಿದ್ಯಾರ್ಥಿಗಳಿಗೆ ವಿದ್ಯಾರ್ಥಿವೇತನ.,,,,,Open field wind under act 3,https://pixabay.com/sound-effects/nature-open-field-winds-summer-ambience-64761/,-15,in 2.50s / out 2.50s,"[placed] Ten years of showing up. sfx_voicecheck.py puts its 3-8Hz modulation at 0.151 peak, no syllable rate anywhere, so this is wind and not people"
00:01:32:02,92.06,K15,3 · ಒಂದು ದಶಕದ ಹಾದಿ · ten years of showing up,PHOTO A150 · 2018 classroom presentation session,"ಆಮೇಲೆ ಕೆಲಸ ಹಾಗೇ ಮುಂದುವರಿಯಿತು. ವರ್ಷದಿಂದ ವರ್ಷಕ್ಕೆ. ಅದೇ ದಾರಿಗಳು, ಅದೇ ಶಾಲೆಗಳು, ಇನ್ನಷ್ಟು ಮಕ್ಕಳು.",Motif repeats with a small variation each year. Cello counter-line enters,3,-24,-,,,,,2.0s pause written into this shot
00:01:39:21,99.86,K15,3 · ಒಂದು ದಶಕದ ಹಾದಿ · ten years of showing up,PHOTO A150 · 2018 classroom presentation session,"ಆಮೇಲೆ ಕೆಲಸ ಹಾಗೇ ಮುಂದುವರಿಯಿತು. ವರ್ಷದಿಂದ ವರ್ಷಕ್ಕೆ. ಅದೇ ದಾರಿಗಳು, ಅದೇ ಶಾಲೆಗಳು, ಇನ್ನಷ್ಟು ಮಕ್ಕಳು.",,,,,Gentle airy whoosh into the 2s pause,https://pixabay.com/sound-effects/gentle-amp-echoing-whoosh-sound-effect-451056/,-18,in 0.20s / out 0.80s,"[placed] Whoosh 2 of 3. The act 2 into act 3 transition, under no narration, so it plays at a solo -23 dBFS"
00:01:41:21,101.82,K16,3 · ಒಂದು ದಶಕದ ಹಾದಿ · ten years of showing up,PHOTO A160 · 2021 scholarship distribution crowd,"2020ರಲ್ಲಿ ಶಾಲೆಗಳು ಮುಚ್ಚಿದವು, ಕುಟುಂಬಗಳ ದಿನಗೂಲಿ ನಿಂತಿತು.",Falls away to a single held note for 2020,1,-28,out 2.0s,,,,,
00:01:47:21,107.82,K17,3 · ಒಂದು ದಶಕದ ಹಾದಿ · ten years of showing up,PHOTOCARD A158 · 2020 pandemic relief announcement poster,ಆಗ ಟ್ರಸ್ಟ್ ಒಂದೇ ಪುಟದ ಪ್ರಕಟಣೆ ಹೊರಡಿಸಿತು. ಪೋಷಕರನ್ನು ಕಳೆದುಕೊಂಡ ಮಕ್ಕಳಿಗೆ. ಕೆಲಸ ಕಳೆದುಕೊಂಡು ಶುಲ್ಕ ಕಟ್ಟಲಾಗದ ಪೋಷಕರಿಗೆ. ನೆರವು ನಿಲ್ಲಲಿಲ್ಲ.,"Drone only through the relief poster. No sad piano, no swell, nothing added",1,-28,-,,,,,1.0s pause written into this shot
00:01:48:03,108.12,K17,3 · ಒಂದು ದಶಕದ ಹಾದಿ · ten years of showing up,PHOTOCARD A158 · 2020 pandemic relief announcement poster,ಆಗ ಟ್ರಸ್ಟ್ ಒಂದೇ ಪುಟದ ಪ್ರಕಟಣೆ ಹೊರಡಿಸಿತು. ಪೋಷಕರನ್ನು ಕಳೆದುಕೊಂಡ ಮಕ್ಕಳಿಗೆ. ಕೆಲಸ ಕಳೆದುಕೊಂಡು ಶುಲ್ಕ ಕಟ್ಟಲಾಗದ ಪೋಷಕರಿಗೆ. ನೆರವು ನಿಲ್ಲಲಿಲ್ಲ.,,,,,Paper rustle on the one-page announcement,https://pixabay.com/sound-effects/paper-rustle-345748/,-14,in 0.30s / out 1.00s,[placed] The COVID relief poster. `11` held this back as a third page-ish sound after K11 and K36; at 2.6s of rustle rather than a turn it does not read as a third page turn
00:02:00:24,120.98,K18,3 · ಒಂದು ದಶಕದ ಹಾದಿ · ten years of showing up,PHOTO A164 · 2022 library bookshelves,2022ರಲ್ಲಿ ಪುಸ್ತಕದ ಕಪಾಟುಗಳು ಎದ್ದವು. ಗ್ರಾಮೀಣ ಶಾಲೆಗಳಲ್ಲಿ ಗ್ರಂಥಾಲಯಗಳು.,Melody returns warmer for the libraries. Piano takes the motif,3,-24,in 1.5s,,,,,
00:02:01:10,121.38,K18,3 · ಒಂದು ದಶಕದ ಹಾದಿ · ten years of showing up,PHOTO A164 · 2022 library bookshelves,2022ರಲ್ಲಿ ಪುಸ್ತಕದ ಕಪಾಟುಗಳು ಎದ್ದವು. ಗ್ರಾಮೀಣ ಶಾಲೆಗಳಲ್ಲಿ ಗ್ರಂಥಾಲಯಗಳು.,,,,,"Book handled, shelf",https://pixabay.com/sound-effects/turn-a-page-336933/,-15,-,[placed] Library. The page turn stands in as the book proxy until a real book file is auditioned: https://pixabay.com/sound-effects/search/book/
00:02:08:04,128.18,K19,3 · ಒಂದು ದಶಕದ ಹಾದಿ · ten years of showing up,PHOTO A168 · 2022 students in school library,"ದಾನವಾಗಿ ಬಂದ ಕಥೆ ಪುಸ್ತಕಗಳು, ಪಠ್ಯ ಪುಸ್ತಕಗಳು, ಬಳಸದೇ ಉಳಿದ ನೋಟ್‌ಬುಕ್‌ಗಳು.",Strings enter as a soft bed under the books,3,-24,-,,,,,
00:02:13:19,133.78,K20,3 · ಒಂದು ದಶಕದ ಹಾದಿ · ten years of showing up,PHOTO A176 · 2023 students in tribal school hall,2023ರಲ್ಲಿ ವ್ಯಾಪ್ತಿ ಹಿಗ್ಗಿತು. ಮೈಸೂರು. ಎಚ್.ಡಿ. ಕೋಟೆ.,Bansuri and strings together as the reach widens,3,-23,-,,,,,
00:02:20:01,140.02,K21,3 · ಒಂದು ದಶಕದ ಹಾದಿ · ten years of showing up,PHOTO A172 · 2023 school event backdrop photo,ಒಂಬತ್ತು ಮತ್ತು ಹತ್ತನೇ ತರಗತಿಯ ಮಕ್ಕಳಿಗೆ ವೃತ್ತಿ ಮಾರ್ಗದರ್ಶನ. ಬದುಕಿನ ದಾರಿ ಸದ್ದಿಲ್ಲದೆ ನಿರ್ಧಾರವಾಗುವ ವಯಸ್ಸು ಅದು.,Motif holds steady. No lift under the career-guidance line,3,-23,-,,,,,
00:02:25:15,145.62,K21,3 · ಒಂದು ದಶಕದ ಹಾದಿ · ten years of showing up,PHOTO A172 · 2023 school event backdrop photo,ಒಂಬತ್ತು ಮತ್ತು ಹತ್ತನೇ ತರಗತಿಯ ಮಕ್ಕಳಿಗೆ ವೃತ್ತಿ ಮಾರ್ಗದರ್ಶನ. ಬದುಕಿನ ದಾರಿ ಸದ್ದಿಲ್ಲದೆ ನಿರ್ಧಾರವಾಗುವ ವಯಸ್ಸು ಅದು.,,,,,Low swell into the MM Hills reveal,https://pixabay.com/sound-effects/riser-hit-sfx-001-289802/,-15,in 0.50s / out 0.60s,[placed] The riser-plus-hit `11` section 7 said to audition before buying anything new. Kept under the whoosh family in level so it reads as a swell and not as a trailer cue
00:02:28:12,148.50,K22,3 · ಒಂದು ದಶಕದ ಹಾದಿ · ten years of showing up,PHOTO A180 · 2024 car trunk filled with books and supplies,"2024ರಲ್ಲಿ ಎಂ.ಎಂ. ಹಿಲ್ಸ್‌ನ ಬುಡಕಟ್ಟು ಶಾಲೆಗಳಲ್ಲಿ ಇನ್ನೂರು ಶಾಲಾ ಚೀಲ, ನೋಟ್‌ಬುಕ್ ಮತ್ತು ಲೇಖನ ಸಾಮಗ್ರಿಗಳೊಂದಿಗೆ ಶೈಕ್ಷಣಿಕ ವರ್ಷ ಆರಂಭವಾಯಿತು.","Builds, restrained. Soft frame drum enters for the first and only time. NO SWELL ON THE NUMBERS",4,-22,-,,,,,
00:02:28:22,148.90,K22,3 · ಒಂದು ದಶಕದ ಹಾದಿ · ten years of showing up,PHOTO A180 · 2024 car trunk filled with books and supplies,"2024ರಲ್ಲಿ ಎಂ.ಎಂ. ಹಿಲ್ಸ್‌ನ ಬುಡಕಟ್ಟು ಶಾಲೆಗಳಲ್ಲಿ ಇನ್ನೂರು ಶಾಲಾ ಚೀಲ, ನೋಟ್‌ಬುಕ್ ಮತ್ತು ಲೇಖನ ಸಾಮಗ್ರಿಗಳೊಂದಿಗೆ ಶೈಕ್ಷಣಿಕ ವರ್ಷ ಆರಂಭವಾಯಿತು.",,,,,School bag zip,https://pixabay.com/sound-effects/backpack-34942/,-13,in 0.10s / out 0.60s,[placed] Two hundred school bags at MM Hills. Under a bag close-up only
00:02:39:13,159.54,K23,3 · ಒಂದು ದಶಕದ ಹಾದಿ · ten years of showing up,PHOTO A220 · 2025 children with volunteers under tree,"ಮತ್ತು 2025ರಲ್ಲಿ, ಎಚ್.ಡಿ. ಕೋಟೆಯಲ್ಲಿ, ಮುನ್ನೂರು.","The film's highest point. Warm land under ಮುನ್ನೂರು, then holds through the 2.5s silence without filling it",4,-20,-,,,,,
00:02:43:09,163.34,K23,3 · ಒಂದು ದಶಕದ ಹಾದಿ · ten years of showing up,PHOTO A220 · 2025 children with volunteers under tree,"ಮತ್ತು 2025ರಲ್ಲಿ, ಎಚ್.ಡಿ. ಕೋಟೆಯಲ್ಲಿ, ಮುನ್ನೂರು.",,,,,Soft warm low land under ಮುನ್ನೂರು,https://pixabay.com/sound-effects/cinematic-low-hit-291095/,-13,in 0.02s / out 0.60s,"[placed] Universfield Cinematic Low Hit, trimmed to 1.40s. Lands on the number, then the 2.5s hold after it stays clean. Impact 2 of 2"
00:02:46:15,166.60,K24,3 · ಒಂದು ದಶಕದ ಹಾದಿ · ten years of showing up,PHOTO A236 · 2025 school front group photo,ಇದೆಲ್ಲ ಕಚೇರಿಯಲ್ಲಿ ಕುಳಿತು ಆಗುವ ಕೆಲಸವಲ್ಲ.,Percussion out. Thins to a single bansuri line,2,-26,out 1.0s,,,,,
00:02:49:20,169.80,K25,3 · ಒಂದು ದಶಕದ ಹಾದಿ · ten years of showing up,PHOTO A228 · 2025 government primary school sign,"ಮುಖ್ಯೋಪಾಧ್ಯಾಯರೋ, ನೆರೆಹೊರೆಯವರೋ, ಊರಿನ ಹಿತೈಷಿಯೋ ಒಂದು ಹೆಸರು ಸೂಚಿಸುತ್ತಾರೆ.","One line only, unhurried, into the method section",2,-26,-,,,,,
00:02:56:07,176.28,K26,"4 · ಕೆಲಸದ ಕ್ರಮ · method, care and community",PHOTO A025-crop · scholarship interview with girl and guardian,"ತಂಡ ಆ ಊರಿಗೆ ಹೋಗುತ್ತದೆ. ಮಕ್ಕಳನ್ನೂ ಪೋಷಕರನ್ನೂ ಒಂದೆಡೆ ಸೇರಿಸಿ, ಪ್ರತಿ ಕುಟುಂಬದ ಜೊತೆ ಕೂತು ಮಾತನಾಡುತ್ತದೆ.","ACT 4. Rhythmic movement gone. Warm cello, quiet piano, soft drone",2,-26,-,,,,,1.0s pause written into this shot
00:02:56:07,176.28,K26,"4 · ಕೆಲಸದ ಕ್ರಮ · method, care and community",PHOTO A025-crop · scholarship interview with girl and guardian,"ತಂಡ ಆ ಊರಿಗೆ ಹೋಗುತ್ತದೆ. ಮಕ್ಕಳನ್ನೂ ಪೋಷಕರನ್ನೂ ಒಂದೆಡೆ ಸೇರಿಸಿ, ಪ್ರತಿ ಕುಟುಂಬದ ಜೊತೆ ಕೂತು ಮಾತನಾಡುತ್ತದೆ.",,,,,Insects and birds under act 4,https://pixabay.com/sound-effects/nature-insects-birds-field-596099/,-17,in 3.00s / out 3.00s,"[placed] Method and care. Excerpt taken from 100s, clear of the 89-97s stretch where the speech band rises; modulation there is 0.05-0.10, which is tonal insects rather than syllables, but the excerpt avoids it anyway"
00:03:05:07,185.28,K27,"4 · ಕೆಲಸದ ಕ್ರಮ · method, care and community",CARD GFX-05 · ಶಾಲಾ ಶುಲ್ಕದ ಶೇಕಡ 75ರವರೆಗೆ // ನೇರವಾಗಿ ಶಾಲೆಗೆ,ನಂತರ ಟ್ರಸ್ಟ್ ಶಾಲಾ ಶುಲ್ಕದ ಶೇಕಡ ಎಪ್ಪತ್ತೈದರಷ್ಟನ್ನು ಭರಿಸುತ್ತದೆ. ಪೂರ್ತಿ ಅಲ್ಲ.,MUSIC OUT COMPLETELY under ಪೂರ್ತಿ ಅಲ್ಲ. Drone alone returns on the 2s pause,0,"silent, then -30","out complete by 185.28s, in 3.0s on the pause",,,,,music out completely under ಪೂರ್ತಿ ಅಲ್ಲ.
00:03:13:05,193.20,K28,"4 · ಕೆಲಸದ ಕ್ರಮ · method, care and community",PHOTO A222 · 2025 classroom full of beneficiary families,ಉಳಿದ ಪಾಲನ್ನು ಕುಟುಂಬವೇ ಕಟ್ಟುತ್ತದೆ. ಏಕೆಂದರೆ ತಾವೂ ಒಂದು ಪಾಲು ಹೊತ್ತ ಪೋಷಕರು ಮಗುವಿನ ಓದಿನ ಒಳಗೇ ಉಳಿಯುತ್ತಾರೆ.,Drone only under the family's share,1,-28,-,,,,,
00:03:13:10,193.40,K28,"4 · ಕೆಲಸದ ಕ್ರಮ · method, care and community",PHOTO A222 · 2025 classroom full of beneficiary families,ಉಳಿದ ಪಾಲನ್ನು ಕುಟುಂಬವೇ ಕಟ್ಟುತ್ತದೆ. ಏಕೆಂದರೆ ತಾವೂ ಒಂದು ಪಾಲು ಹೊತ್ತ ಪೋಷಕರು ಮಗುವಿನ ಓದಿನ ಒಳಗೇ ಉಳಿಯುತ್ತಾರೆ.,,,,,One soft windy landing on the act 4 turn,https://pixabay.com/sound-effects/hit-windy-thud-399086/,-17,in 0.10s / out 1.20s,"[placed] Act 4 opens by removing the percussion, so the turn gets one landing and nothing else"
00:03:21:05,201.20,K29,"4 · ಕೆಲಸದ ಕ್ರಮ · method, care and community",CARD GFX-06 · ನೇರವಾಗಿ ಶಾಲೆಗೆ. ಬೇರೆ ಯಾರ ಕೈಗೂ ಅಲ್ಲ.,ಮತ್ತು ಆ ಹಣ ನೇರವಾಗಿ ಶಾಲೆಗೇ ಸಲ್ಲುತ್ತದೆ. ಬೇರೆ ಯಾರ ಕೈಗೂ ಅಲ್ಲ.,"Bansuri returns softly. ONE low tonal emphasis, cello or bansuri tonic, under ಬೇರೆ ಯಾರ ಕೈಗೂ ಅಲ್ಲ. Score event, not an effect",2,-26,in 1.0s,,,,,
00:03:21:10,201.40,K29,"4 · ಕೆಲಸದ ಕ್ರಮ · method, care and community",CARD GFX-06 · ನೇರವಾಗಿ ಶಾಲೆಗೆ. ಬೇರೆ ಯಾರ ಕೈಗೂ ಅಲ್ಲ.,ಮತ್ತು ಆ ಹಣ ನೇರವಾಗಿ ಶಾಲೆಗೇ ಸಲ್ಲುತ್ತದೆ. ಬೇರೆ ಯಾರ ಕೈಗೂ ಅಲ್ಲ.,,,,,Soft landing on the card reveal,https://pixabay.com/sound-effects/electronic-impact-soft-10019/,-16,in 0.02s / out 0.80s,[placed] Chosen over the low hit so that the film's two impacts stay its only two
00:03:26:12,206.48,K30,"4 · ಕೆಲಸದ ಕ್ರಮ · method, care and community",PHOTO A252 · 2025 volunteer tying shoe for child,"ಬುಡಕಟ್ಟು ಶಾಲೆಗಳ ಮಕ್ಕಳ ಜೊತೆ ತಂಡ ಕೆಲವು ದಿನ ಉಳಿಯುತ್ತದೆ. ಕಲಿಸುತ್ತದೆ, ಕಲಿಯುತ್ತದೆ. ಆಮೇಲೆ ಚೀಲಗಳು ಮಕ್ಕಳ ಕೈ ಸೇರುತ್ತವೆ.","Piano and cello, low and close, no lift",2,-25,-,,,,,
00:03:26:12,206.48,K30,"4 · ಕೆಲಸದ ಕ್ರಮ · method, care and community",PHOTO A252 · 2025 volunteer tying shoe for child,"ಬುಡಕಟ್ಟು ಶಾಲೆಗಳ ಮಕ್ಕಳ ಜೊತೆ ತಂಡ ಕೆಲವು ದಿನ ಉಳಿಯುತ್ತದೆ. ಕಲಿಸುತ್ತದೆ, ಕಲಿಯುತ್ತದೆ. ಆಮೇಲೆ ಚೀಲಗಳು ಮಕ್ಕಳ ಕೈ ಸೇರುತ್ತವೆ.",,,,,Indian village ambience under the field work,https://pixabay.com/sound-effects/indian-village-ambience-219221/,-21,in 2.50s / out 2.50s,"[placed] CUT ONLY FROM 268.0s, and this is not a preference. sfx_voicecheck.py found clear speech at 65.5s, 202.0s and six other points in this file; 268.0s begins the one 12.5s run in the calmest quartile. `14` item 2.4 is absolute and a human must still confirm the shipped excerpt by ear"
00:03:32:17,212.68,K30,"4 · ಕೆಲಸದ ಕ್ರಮ · method, care and community",PHOTO A252 · 2025 volunteer tying shoe for child,"ಬುಡಕಟ್ಟು ಶಾಲೆಗಳ ಮಕ್ಕಳ ಜೊತೆ ತಂಡ ಕೆಲವು ದಿನ ಉಳಿಯುತ್ತದೆ. ಕಲಿಸುತ್ತದೆ, ಕಲಿಯುತ್ತದೆ. ಆಮೇಲೆ ಚೀಲಗಳು ಮಕ್ಕಳ ಕೈ ಸೇರುತ್ತವೆ.",,,,,Low swell under the field work,https://pixabay.com/sound-effects/riser-wildfire-285209/,-20,in 1.20s / out 1.40s,"[placed] `11` rejected this file as the wrong register at full level. At -20 under the voice and cut from its tail it reads as air rather than fire, and it is the first accent to cut if it announces itself"
00:03:36:02,216.08,K31,"4 · ಕೆಲಸದ ಕ್ರಮ · method, care and community",PHOTO A244 · 2025 stationery and snacks arranged,"ವಿದ್ಯಾರ್ಥಿವೇತನ ಒಂದರಿಂದಲೇ ಶಿಕ್ಷಣ ಪೂರ್ಣವಾಗುವುದಿಲ್ಲ. ಹಾಗಾಗಿ ಶಾಲಾ ಚೀಲ, ನೋಟ್‌ಬುಕ್, ಲೇಖನ ಸಾಮಗ್ರಿ, ಚಿತ್ರಕಲೆಯ ಪರಿಕರ.",Tempo lifts slightly for the programmes,3,-24,-,,,,,
00:03:45:13,225.52,K32,"4 · ಕೆಲಸದ ಕ್ರಮ · method, care and community",PHOTOCARD A078 · kids craft,"ಗ್ರಂಥಾಲಯಗಳು. ವೃತ್ತಿ ಮಾರ್ಗದರ್ಶನ. ಆಟಗಳು. ಮಕ್ಕಳು ಹಾಡಿ ಕುಣಿಯುವ ವೇದಿಕೆ, ಮತ್ತು ಅದನ್ನು ನೋಡಲೆಂದೇ ಬಂದ ಜನ.","Motif in the piano, bansuri answering",3,-24,-,,,,,
00:03:54:18,234.72,K33,"4 · ಕೆಲಸದ ಕ್ರಮ · method, care and community",PHOTO A232 · 2025 large community celebration group photo,"ಮಕ್ಕಳಿಗೆ ಮಾತ್ರವಲ್ಲ, ಪೋಷಕರಿಗೂ ಮಾರ್ಗದರ್ಶನ.","Holds, then begins to withdraw before the card",3,-24,out 1.5s,,,,,
00:03:57:23,237.92,K34,"4 · ಕೆಲಸದ ಕ್ರಮ · method, care and community",CARD GFX-07 · (no list on screen under this line),ತಲುಪುವುದೇ ಕಷ್ಟವಾದ ಮಕ್ಕಳನ್ನೂ ಈ ಕೆಲಸ ತಲುಪಿದೆ. ಏಕ ಪೋಷಕರ ಮಕ್ಕಳು. ಎಚ್‌ಐವಿ ಇರುವ ಕುಟುಂಬಗಳ ಮಕ್ಕಳು. ದೀರ್ಘಕಾಲದ ಆರೋಗ್ಯ ಸಮಸ್ಯೆ ಇರುವ ಮಕ್ಕಳು.,"RESTRAINED. Drone and one held bansuri note. Nothing that could be read as sentiment. No piano, no strings, no movement, no effect, no ambience change",1,-28,in 2.0s,,,,,"drone and one held note, nothing that could be read as sentiment"
00:04:10:11,250.44,K35,"4 · ಕೆಲಸದ ಕ್ರಮ · method, care and community","CARD GFX-08 · ಸಹಭಾಗಿತ್ವದಲ್ಲಿ // ನಿಸರ್ಗ ಫೌಂಡೇಶನ್ // ಬೆಳಕು ಟ್ರಸ್ಟ್, ಬಂಗಾರಪೇಟೆ // ಸೌಖ್ಯ","ಈ ಕೆಲಸ ಬೆಳಕು ಟ್ರಸ್ಟ್, ಸೌಖ್ಯ ಸಮೃದ್ಧಿ ಸಂಸ್ಥೆ, ಜಿಲ್ಲಾ ಆರೋಗ್ಯ ಇಲಾಖೆ ಮತ್ತು ನಿಸರ್ಗ ಫೌಂಡೇಶನ್ ಜೊತೆಗೂಡಿ ನಡೆದಿದೆ.",Warmer under the partners card. Strings return,3,-25,in 1.5s,,,,,
00:04:10:15,250.59,K35,"4 · ಕೆಲಸದ ಕ್ರಮ · method, care and community","CARD GFX-08 · ಸಹಭಾಗಿತ್ವದಲ್ಲಿ // ನಿಸರ್ಗ ಫೌಂಡೇಶನ್ // ಬೆಳಕು ಟ್ರಸ್ಟ್, ಬಂಗಾರಪೇಟೆ // ಸೌಖ್ಯ","ಈ ಕೆಲಸ ಬೆಳಕು ಟ್ರಸ್ಟ್, ಸೌಖ್ಯ ಸಮೃದ್ಧಿ ಸಂಸ್ಥೆ, ಜಿಲ್ಲಾ ಆರೋಗ್ಯ ಇಲಾಖೆ ಮತ್ತು ನಿಸರ್ಗ ಫೌಂಡೇಶನ್ ಜೊತೆಗೂಡಿ ನಡೆದಿದೆ.",,,,,Gentle airy whoosh on the partners card,https://pixabay.com/sound-effects/gentle-amp-echoing-whoosh-sound-effect-451056/,-15,out 0.80s,[placed] Whoosh 3 of 3. Lower than K07 because this card is denser
00:04:18:15,258.60,K36,"4 · ಕೆಲಸದ ಕ್ರಮ · method, care and community",PHOTOCARD A196 · 2024 newspaper coverage clipping,2024ರ ಜೂನ್‌ನಲ್ಲಿ ಒಂದು ಕನ್ನಡ ದಿನಪತ್ರಿಕೆ ಮುಳಬಾಗಿಲಿನ ಚಿತ್ರವನ್ನು ಪ್ರಕಟಿಸಿತು. ಏಕ ಪೋಷಕರ ಮಕ್ಕಳಿಗೆ ವಿದ್ಯಾರ್ಥಿವೇತನ ವಿತರಣೆ.,Holds. No swell under the newspaper clipping,3,-25,-,,,,,1.0s pause written into this shot
00:04:18:22,258.90,K36,"4 · ಕೆಲಸದ ಕ್ರಮ · method, care and community",PHOTOCARD A196 · 2024 newspaper coverage clipping,2024ರ ಜೂನ್‌ನಲ್ಲಿ ಒಂದು ಕನ್ನಡ ದಿನಪತ್ರಿಕೆ ಮುಳಬಾಗಿಲಿನ ಚಿತ್ರವನ್ನು ಪ್ರಕಟಿಸಿತು. ಏಕ ಪೋಷಕರ ಮಕ್ಕಳಿಗೆ ವಿದ್ಯಾರ್ಥಿವೇತನ ವಿತರಣೆ.,,,,,"Single page turn, newspaper",https://pixabay.com/sound-effects/turn-a-page-336933/,-14,-,"[placed] The Udayavani clipping, 19 June 2024"
00:04:30:22,270.88,K37,"4 · ಕೆಲಸದ ಕ್ರಮ · method, care and community",PHOTOCARD A002 · bharat shiksha ratan award certificate scan,"2025ರ ಡಿಸೆಂಬರ್‌ನಲ್ಲಿ, ನವದೆಹಲಿಯ ರಾಷ್ಟ್ರೀಯ ಶೃಂಗಸಭೆಯಲ್ಲಿ, ಸಂಸ್ಥಾಪಕರಿಗೆ ಭಾರತ್ ಶಿಕ್ಷಾ ರತ್ನ ಪ್ರಶಸ್ತಿ ಸಂದಿತು.","ONE gentle lift for the award, then settle. NO FANFARE, no brass, no cymbal, no chime, no applause",3,-22,-,,,,,2.0s pause written into this shot
00:04:42:06,282.24,K38,"4 · ಕೆಲಸದ ಕ್ರಮ · method, care and community",PHOTO A250 · 2025 volunteer group at school garden,"ಆದರೆ ಮುಖ್ಯವಾದ ದಾಖಲೆ ಪ್ರಶಸ್ತಿ ಪತ್ರದಲ್ಲಿ ಇಲ್ಲ. ಅದು ಒಂದು ಹೆಸರುಗಳ ಪಟ್ಟಿಯಲ್ಲಿದೆ. ಬೆಂಗಳೂರು, ಚೆನ್ನೈ, ಅಮೆರಿಕ, ಬ್ರಿಟನ್, ಜರ್ಮನಿ, ಡೆನ್ಮಾರ್ಕ್, ದುಬೈನಲ್ಲಿದ್ದು ನೆರವು ನೀಡಿದವರು.",Piano or nylon guitar enters for the first time. The gratitude section,3,-22,in 2.0s,,,,,
00:04:42:06,282.24,K38,"4 · ಕೆಲಸದ ಕ್ರಮ · method, care and community",PHOTO A250 · 2025 volunteer group at school garden,"ಆದರೆ ಮುಖ್ಯವಾದ ದಾಖಲೆ ಪ್ರಶಸ್ತಿ ಪತ್ರದಲ್ಲಿ ಇಲ್ಲ. ಅದು ಒಂದು ಹೆಸರುಗಳ ಪಟ್ಟಿಯಲ್ಲಿದೆ. ಬೆಂಗಳೂರು, ಚೆನ್ನೈ, ಅಮೆರಿಕ, ಬ್ರಿಟನ್, ಜರ್ಮನಿ, ಡೆನ್ಮಾರ್ಕ್, ದುಬೈನಲ್ಲಿದ್ದು ನೆರವು ನೀಡಿದವರು.",,,,,Tonal lift under gratitude and coverage,https://pixabay.com/sound-effects/spring-is-coming-25sec-596343/,-20,in 3.00s / out 3.00s,"[placed] Sits below the pad it hands over to, and resolves into act 5"
00:04:57:13,297.52,K39,"4 · ಕೆಲಸದ ಕ್ರಮ · method, care and community",PHOTO A230 · 2025 hall full of volunteers and children,"ವಕೀಲರು, ಎಂಜಿನಿಯರ್‌ಗಳು, ವೈದ್ಯರು, ಗೃಹಿಣಿಯರು ಆಗಿರುವ ಸ್ವಯಂಸೇವಕರು. ಒಂದು ಮಗುವಿಗಾಗಿ ಫೋನ್ ಮಾಡಿದ ಶಿಕ್ಷಕರು.",Strings warm underneath. Bansuri rests,3,-22,-,,,,,
00:05:06:12,306.48,K40,"4 · ಕೆಲಸದ ಕ್ರಮ · method, care and community",PHOTO A238 · 2025 schoolchildren showing school bags on veranda,ಮತ್ತು ತಮ್ಮ ಪಾಲನ್ನು ತಪ್ಪದೇ ಕಟ್ಟಿದ ಪೋಷಕರು.,"Motif returns in the piano, quietly, under the parents",3,-22,-,,,,,
00:05:09:07,309.28,K41,5 · ಮುಂದಿನ ದಾರಿ · future and anniversary welcome,PHOTO A216 · 2025 children showing school bags outdoors,"ಈ ವರ್ಷ, ತನ್ನ ಆರೈಕೆಯಲ್ಲಿರುವ ಎಲ್ಲ ಮಕ್ಕಳನ್ನೂ ಬೆಂಗಳೂರಿಗೆ ಕರೆತರಬೇಕೆಂಬುದು ಟ್ರಸ್ಟ್‌ನ ಆಸೆ. ಒಂದು ಕಾರ್ಯಕ್ರಮ, ಒಂದು ದಿನದ ಸುತ್ತಾಟ, ಮನೆಗೆ ಒಯ್ಯಲು ಒಂದು ಉಡುಗೊರೆ.","ACT 5. Opens up. Piano and bansuri together. Low pulse returns as forward movement, not as rhythm",4,-20,-,,,,,
00:05:09:07,309.28,K41,5 · ಮುಂದಿನ ದಾರಿ · future and anniversary welcome,PHOTO A216 · 2025 children showing school bags outdoors,"ಈ ವರ್ಷ, ತನ್ನ ಆರೈಕೆಯಲ್ಲಿರುವ ಎಲ್ಲ ಮಕ್ಕಳನ್ನೂ ಬೆಂಗಳೂರಿಗೆ ಕರೆತರಬೇಕೆಂಬುದು ಟ್ರಸ್ಟ್‌ನ ಆಸೆ. ಒಂದು ಕಾರ್ಯಕ್ರಮ, ಒಂದು ದಿನದ ಸುತ್ತಾಟ, ಮನೆಗೆ ಒಯ್ಯಲು ಒಂದು ಉಡುಗೊರೆ.",,,,,Warm pad across act 5 and the end card,https://pixabay.com/sound-effects/warm-pad-fragment-short-450964/,-15,in 3.00s / out 4.50s,"[placed] The K42 swell the shopping list asked for, spread across the act instead of spent on one shot. Pixabay marks this file AI generated"
00:05:09:07,309.28,K41,5 · ಮುಂದಿನ ದಾರಿ · future and anniversary welcome,PHOTO A216 · 2025 children showing school bags outdoors,"ಈ ವರ್ಷ, ತನ್ನ ಆರೈಕೆಯಲ್ಲಿರುವ ಎಲ್ಲ ಮಕ್ಕಳನ್ನೂ ಬೆಂಗಳೂರಿಗೆ ಕರೆತರಬೇಕೆಂಬುದು ಟ್ರಸ್ಟ್‌ನ ಆಸೆ. ಒಂದು ಕಾರ್ಯಕ್ರಮ, ಒಂದು ದಿನದ ಸುತ್ತಾಟ, ಮನೆಗೆ ಒಯ್ಯಲು ಒಂದು ಉಡುಗೊರೆ.",,,,,Soft warm riser into the future section,https://pixabay.com/sound-effects/dreamy-cinematic-riser-523158/,-15,in 0.60s / out 0.50s,"[placed] A different, quieter excerpt of the K05 riser. The first effect to cut if it fights the line"
00:05:21:01,321.04,K42,5 · ಮುಂದಿನ ದಾರಿ · future and anniversary welcome,PHOTO A186 · 2024 children with supplies outdoors,ಅವರಲ್ಲಿ ಹಲವರಿಗೆ ಇದು ಈ ನಗರವನ್ನು ನೋಡುವ ಮೊದಲ ಬಾರಿ. ಕೆಲವರಿಗೆ ತಮ್ಮ ಊರು ಬಿಟ್ಟು ಹೊರಡುವ ಮೊದಲ ಬಾರಿ.,"Holds open. One rising interval, not a modulation",3,-21,-,,,,,1.0s pause written into this shot
00:05:29:20,329.80,K43,5 · ಮುಂದಿನ ದಾರಿ · future and anniversary welcome,PHOTO A240b · 2025 schoolwide supplies group photo,ಮುಂದಿನ ಹತ್ತು ವರ್ಷವೂ ಹೀಗೇ. ಇನ್ನಷ್ಟು ಜಿಲ್ಲೆಗಳು. ಇನ್ನಷ್ಟು ಗ್ರಂಥಾಲಯಗಳು. ಓದು ನಿಲ್ಲದ ಇನ್ನಷ್ಟು ಮಕ್ಕಳು.,"Lifts, but DOES NOT CLIMAX. No added percussion, no cymbal, no key change, no octave doubling",4,-20,-,,,,,
00:05:38:07,338.28,K44,5 · ಮುಂದಿನ ದಾರಿ · future and anniversary welcome,PHOTO A224 · 2025 classroom full of children with supplies,ಹತ್ತು ವರ್ಷ. ಒಂದೊಂದೇ ಮಗು. ಸದ್ದಿಲ್ಲದೆ ಉಳಿಸಿಕೊಂಡ ಒಂದು ಮಾತು.,"Resolves, unhurried",3,-22,-,,,,,1.0s pause written into this shot
00:05:38:17,338.68,K44,5 · ಮುಂದಿನ ದಾರಿ · future and anniversary welcome,PHOTO A224 · 2025 classroom full of children with supplies,ಹತ್ತು ವರ್ಷ. ಒಂದೊಂದೇ ಮಗು. ಸದ್ದಿಲ್ಲದೆ ಉಳಿಸಿಕೊಂಡ ಒಂದು ಮಾತು.,,,,,"School bag zip, the classroom",https://pixabay.com/sound-effects/backpack-zipper-sfx-mrstokes302-585349/,-14,in 0.10s / out 0.70s,"[placed] A different zip from K22, so the pair does not read as one sound used twice"
00:05:45:05,345.20,K45,5 · ಮುಂದಿನ ದಾರಿ · future and anniversary welcome,PHOTO A224b · 2025 classroom full of children with supplies,ಲಾ ಪಾರ್ಕ್ ಎಜುಕೇಷನಲ್ ಟ್ರಸ್ಟ್‌ನ ಹತ್ತನೇ ವರ್ಷದ ಸಂಭ್ರಮಕ್ಕೆ ನಿಮಗೆಲ್ಲರಿಗೂ ಆತ್ಮೀಯ ಸ್ವಾಗತ.,"Steps down 2 dB under the welcome line so the narrator is central. Sustain only, no new material",2,-24,-,,,,,
00:05:50:22,350.88,K46,5 · ಮುಂದಿನ ದಾರಿ · future and anniversary welcome,CARD GFX-09 · ಪ್ರತಿ ಮಗುವಿನ ಮೇಲೆ ನಂಬಿಕೆ ಇಟ್ಟ ಒಂದು ದಶಕ // ಲಾ ಪಾರ್ಕ್ ಎಜುಕೇಷನಲ್ ಟ್ರಸ್ಟ್ ,"(no narration, 7.0s hold)","Final warm chord across the end card, then a natural fade to silence over 2 to 3 seconds. No boom, no hard cut after the logo",2,to silent,out 3.0s natural,,,,,
00:05:51:12,351.48,K46,5 · ಮುಂದಿನ ದಾರಿ · future and anniversary welcome,CARD GFX-09 · ಪ್ರತಿ ಮಗುವಿನ ಮೇಲೆ ನಂಬಿಕೆ ಇಟ್ಟ ಒಂದು ದಶಕ // ಲಾ ಪಾರ್ಕ್ ಎಜುಕೇಷನಲ್ ಟ್ರಸ್ಟ್ ,(no narration),,,,,Soft applause under the end card,https://pixabay.com/sound-effects/applause-383901/,-20,in 1.20s / out 2.60s,"[placed] `11` section 1 gives applause exactly one home in this film: under the end card, low, and never under speech. This is it. Solo -26 dBFS, and it is the resolution of a film about children's schooling, not a curtain call"
