shot,lane,kind,tc_in,tc_out,duration,gen_length,fit,upload,source,consent,narration,onscreen,vo_audio,prompt,reject_for
K01,B,PHOTO,00:00:00:00,00:00:07:00,7.00,,,"film.py, 3% push after a 3s hold",assets/images/timeline/2025-government-primary-school-sign.jpg,CLEAR - no identifiable person in the 16:9 window,,,,,"The whole shot is a Kannada government school signboard, held seven seconds in silence so the audience reads it. Five lines of Kannada and the name of the taluk. An image-to-video model re-renders every pixel it is handed, so the board comes back as Kannada-shaped noise. This is the film's first frame and its only unwritten caption."
K02,C,PHOTO,00:00:07:00,00:00:15:16,8.64,10,trim to 8.64s,,assets/images/timeline/2025-schoolwide-supplies-group-photo.jpg,[C] BLOCKING - approx 60 identifiable children and adults,"ಪ್ರತಿ ವರ್ಷ, ಕರ್ನಾಟಕದ ಹಳ್ಳಿಗಳಲ್ಲಿ, ಮಕ್ಕಳು ತಮ್ಮ ಬಳಿ ಇರುವುದೆಲ್ಲವನ್ನೂ ಒಂದೇ ಚೀಲದಲ್ಲಿ ಹೊತ್ತು ಶಾಲೆಗೆ ನಡೆಯುತ್ತಾರೆ.",,tools/vo_eleven/EXAVITQu4vr4xnSDxMaL/K02.mp3,"Wide static documentary shot of a red-earth road running between fields in rural Karnataka at early morning, eucalyptus along one side, the compound wall of a school in the distance. The road is empty. Soft haze, low sun. The camera holds still, with the faintest drift in. No people anywhere in the frame.",
K03,C,PHOTO,00:00:15:16,00:00:19:21,4.20,5,trim to 4.20s,,assets/images/timeline/2025-child-with-school-kit-close-up.jpg,"[C] BLOCKING - two children in close-up, fully identifiable",ಅವರಿಗೆ ಬುದ್ಧಿ ಇದೆ. ಕಲಿಯುವ ಹಂಬಲ ಇದೆ.,,tools/vo_eleven/EXAVITQu4vr4xnSDxMaL/K03.mp3,"Close static shot of a single school bag set down on a wooden bench beside a slate and a stub of chalk. Early morning light crosses the bench. The camera does not move. No people, no hands.",
K04,B,PHOTO,00:00:19:21,00:00:28:00,8.16,,,"film.py, static",assets/images/timeline/2025-colorful-school-building.jpg,CLEAR after crop - the one adult at bottom-left is cropped out,"ಆದರೆ ಆ ನಡಿಗೆಗೂ ತರಗತಿಗೂ ನಡುವೆ, ಶಾಲಾ ಶುಲ್ಕ ಒಂದು ತೀರ್ಮಾನ ತೆಗೆದುಕೊಂಡು ಬಿಡುತ್ತದೆ.",,tools/vo_eleven/EXAVITQu4vr4xnSDxMaL/K04.mp3,,"A painted school building with ಸರ್ಕಾರಿ ಹಿರಿಯ ಪ್ರಾಥಮಿಕ ಶಾಲೆ, ಮಂಟಿಹಾಡಿ legible on the board. Same failure as K01, and the shot is static anyway, so there is nothing for Runway to add."
K05,B-card,CARD,00:00:28:00,00:00:33:00,4.98,,,tools/gfx/K05*.png,Title card,n/a - graphics only,"ಹತ್ತು ವರ್ಷಗಳಿಂದ, ಒಂದು ಟ್ರಸ್ಟ್ ಸರಿಯಾಗಿ ಅಲ್ಲಿಯೇ ಬಂದು ನಿಂತಿದೆ.",ಲಾ ಪಾರ್ಕ್ ಎಜುಕೇಷನಲ್ ಟ್ರಸ್ಟ್  //  ಹತ್ತು ವರ್ಷ · 2016 ರಿಂದ 2026,tools/vo_eleven/EXAVITQu4vr4xnSDxMaL/K05.mp3,,Rendered by tools/gfx.py through headless Chrome. Never through a generative model.
K06,B-card,CARD,00:00:33:00,00:00:39:00,6.00,,,tools/gfx/K06*.png,Founder quote card,n/a - graphics only,,"""ಶಿಕ್ಷಣದ ವಿಷಯದಲ್ಲಿ ಯಾವ ಮಗುವೂ ಹಿಂದೆ ಉಳಿಯಬಾರದು.""  //  ಚಾರುಲತಾ ಎಂ. ಆರ್., ಸಂಸ್ಥಾಪಕರು",,,Rendered by tools/gfx.py through headless Chrome. Never through a generative model.
K07,B-card,CARD,00:00:39:00,00:00:45:24,6.96,,,tools/gfx/K07*.png,Organisation card,n/a - graphics only,"ಲಾ ಪಾರ್ಕ್ ಎಜುಕೇಷನಲ್ ಟ್ರಸ್ಟ್, ಬೆಂಗಳೂರಿನ ಎಚ್.ಎಸ್.ಆರ್. ಲೇಔಟ್‌ನಲ್ಲಿರುವ ನೋಂದಾಯಿತ ಶೈಕ್ಷಣಿಕ ಟ್ರಸ್ಟ್.","ನೋಂದಾಯಿತ ಶೈಕ್ಷಣಿಕ ಟ್ರಸ್ಟ್  //  ಎಚ್.ಎಸ್.ಆರ್. ಲೇಔಟ್, ಬೆಂಗಳೂರು",tools/vo_eleven/EXAVITQu4vr4xnSDxMaL/K07.mp3,,Rendered by tools/gfx.py through headless Chrome. Never through a generative model.
K08,B,PHOTOCARD,00:00:45:24,00:00:56:03,10.16,,,"film.py, 2% push",assets/images/magazine-gallery/Charulatha-MR.jpeg,TRUSTEE LIKENESS - founder approval,ಇದನ್ನು ಸ್ಥಾಪಿಸಿದವರು ಚಾರುಲತಾ ಎಂ. ಆರ್. ಟ್ರಸ್ಟ್ ಶುರುವಾಗುವ ಮೊದಲೇ ಅವರು ತಮ್ಮ ಬಡಾವಣೆಯ ಮಕ್ಕಳ ಶಾಲಾ ಶುಲ್ಕವನ್ನು ತಾವೇ ಕಟ್ಟುತ್ತಿದ್ದರು.,ಚಾರುಲತಾ ಎಂ. ಆರ್.  //  ಸಂಸ್ಥಾಪಕರು ಮತ್ತು ವ್ಯವಸ್ಥಾಪಕ ಟ್ರಸ್ಟಿ,tools/vo_eleven/EXAVITQu4vr4xnSDxMaL/K08.mp3,,"The founder's portrait. Do not put a real, named, identified person's face through a generative model in a documentary: what comes back is a different face wearing her name. Also gated on her own likeness approval (`07` section 3)."
K09,B,PHOTOCARD,00:00:56:03,00:01:04:19,8.64,,,"film.py, static",assets/images/magazine-gallery/trustee-mr-sm-manjunatha.webp,TRUSTEE LIKENESS - trustee approval,ಅವರ ಜೊತೆಗೂಡಿದವರು ಸಾದೇನಹಳ್ಳಿಯ ಎಸ್. ಎಂ. ಮಂಜುನಾಥ. ಓದಲೆಂದು ಊರು ಬಿಟ್ಟು ನಗರಕ್ಕೆ ಬಂದ ತಮ್ಮ ಕುಟುಂಬದ ಮೊದಲ ವ್ಯಕ್ತಿ.,ಎಸ್. ಎಂ. ಮಂಜುನಾಥ  //  ಟ್ರಸ್ಟಿ,tools/vo_eleven/EXAVITQu4vr4xnSDxMaL/K09.mp3,,The trustee's portrait. Same rule as K08.
K10,B,PHOTO,00:01:04:19,00:01:10:08,5.60,,,"film.py, static",assets/images/timeline/2025-saraswati-primary-school-sign.jpg,CLEAR - no person in frame,ತಮ್ಮ ಊರಿನ ಹಲವು ಮಕ್ಕಳನ್ನು ಅವರು ಆಗಲೇ ಓದಿಸಿದ್ದರು.,,tools/vo_eleven/EXAVITQu4vr4xnSDxMaL/K10.mp3,,A weathered village school board. It exists in the cut to carry 'the children of his own village' without putting a person on screen; the lettering is the entire content.
K11,C,PHOTOCARD,00:01:10:08,00:01:14:08,4.00,5,trim to 4.00s,,assets/images/magazine-gallery/charu-talk.jpeg,"[C] BLOCKING - children seated with backs to camera, plus the founder",2016ರಲ್ಲಿ ಅವರು ಮೊದಲ ಶಾಲಾ ಭೇಟಿ ಮಾಡಿದರು.,2016 · ಚಿಕ್ಕಬಳ್ಳಾಪುರ  //  ಮೊದಲ ಶಾಲಾ ಭೇಟಿ,tools/vo_eleven/EXAVITQu4vr4xnSDxMaL/K11.mp3,"Static shot of an empty rural classroom. A green blackboard with faded chalk dust, wooden benches in rows, light falling in from an open doorway. Dust in the air. The camera holds still. No people, and no writing on the board.",
K12,B-card,CARD,00:01:14:08,00:01:20:12,6.12,,,tools/gfx/K12*.png,One child card,n/a - graphics only,ಚಿಕ್ಕಬಳ್ಳಾಪುರ. ಒಂದು ಮಗು. ಒಂದು ವಿದ್ಯಾರ್ಥಿವೇತನ.,ಒಂದು ಮಗು.  //  ಒಂದು ವಿದ್ಯಾರ್ಥಿವೇತನ.,tools/vo_eleven/EXAVITQu4vr4xnSDxMaL/K12.mp3,,Rendered by tools/gfx.py through headless Chrome. Never through a generative model.
K13,C,PHOTO,00:01:20:12,00:01:26:00,5.52,10,trim to 5.52s,,assets/images/timeline/children-with-steel-plates-and-glasses-distribution.jpeg,[C] BLOCKING - approx 25 identifiable children at a meal,ಅದೇ ಭೇಟಿಯಲ್ಲಿ ನೂರೈವತ್ತು ವಿದ್ಯಾರ್ಥಿಗಳಿಗೆ ಸ್ಟೀಲ್ ತಟ್ಟೆ ಮತ್ತು ಲೋಟ ವಿತರಿಸಲಾಯಿತು.,150 ವಿದ್ಯಾರ್ಥಿಗಳಿಗೆ ಸ್ಟೀಲ್ ತಟ್ಟೆ ಮತ್ತು ಲೋಟ,tools/vo_eleven/EXAVITQu4vr4xnSDxMaL/K13.mp3,"Slow lateral drift along a long row of stacked steel plates and steel tumblers set out on a school floor. Daylight from high windows. No people, no hands, nothing is picked up.",
K14,C,PHOTO,00:01:26:00,00:01:32:02,6.08,10,trim to 6.08s,,assets/images/timeline/2017-scholarship-group-photo-on-school-veranda.jpg,[C] BLOCKING - approx 14 identifiable children and adults,2017ರಲ್ಲಿ ಒಂದು ಹತ್ತಾಯಿತು. ಹತ್ತು ವಿದ್ಯಾರ್ಥಿಗಳಿಗೆ ವಿದ್ಯಾರ್ಥಿವೇತನ.,2017 · 10 ವಿದ್ಯಾರ್ಥಿಗಳು,tools/vo_eleven/EXAVITQu4vr4xnSDxMaL/K14.mp3,"Static shot of an empty school veranda, tiled roof, a row of plaster pillars, morning shadows laid across the floor in bands. The camera holds completely still. No people.",
K15,C,PHOTO,00:01:32:02,00:01:41:21,9.76,10,trim to 9.76s,,assets/images/timeline/2018-classroom-presentation-session.jpg,"[C] BLOCKING - adults identifiable, children in foreground from behind","ಆಮೇಲೆ ಕೆಲಸ ಹಾಗೇ ಮುಂದುವರಿಯಿತು. ವರ್ಷದಿಂದ ವರ್ಷಕ್ಕೆ. ಅದೇ ದಾರಿಗಳು, ಅದೇ ಶಾಲೆಗಳು, ಇನ್ನಷ್ಟು ಮಕ್ಕಳು.",ಕೆಲಸ ಮುಂದುವರಿಯಿತು,tools/vo_eleven/EXAVITQu4vr4xnSDxMaL/K15.mp3,"Static shot of an empty classroom with hand-painted wall charts, holding for several seconds, then a slow dissolve to a static shot of an empty school courtyard with a bare flagpole. Flat overcast light in both. No people. No lettering on the charts.",
K16,C,PHOTO,00:01:41:21,00:01:47:21,6.00,5,"two takes, cut at about 4s (6.00s total)",,assets/images/timeline/2021-scholarship-distribution-crowd.jpg,"[C] BLOCKING - large crowd, many identifiable","2020ರಲ್ಲಿ ಶಾಲೆಗಳು ಮುಚ್ಚಿದವು, ಕುಟುಂಬಗಳ ದಿನಗೂಲಿ ನಿಂತಿತು.",,tools/vo_eleven/EXAVITQu4vr4xnSDxMaL/K16.mp3,"Static shot of a padlocked metal school gate seen straight on, dust and dry leaves against the base, hard midday light. Nothing moves but a little dust. No people.",
K17,B,PHOTOCARD,00:01:47:21,00:02:00:24,13.16,,,"film.py, panel layout, static",assets/images/timeline/2020-pandemic-relief-announcement-poster.jpg,"CLEAR - LPET's own poster artwork, no person",ಆಗ ಟ್ರಸ್ಟ್ ಒಂದೇ ಪುಟದ ಪ್ರಕಟಣೆ ಹೊರಡಿಸಿತು. ಪೋಷಕರನ್ನು ಕಳೆದುಕೊಂಡ ಮಕ್ಕಳಿಗೆ. ಕೆಲಸ ಕಳೆದುಕೊಂಡು ಶುಲ್ಕ ಕಟ್ಟಲಾಗದ ಪೋಷಕರಿಗೆ. ನೆರವು ನಿಲ್ಲಲಿಲ್ಲ.,2020 · ಸಾಂಕ್ರಾಮಿಕ ಕಾಲದ ನೆರವು  //  ಪೋಷಕರನ್ನು ಕಳೆದುಕೊಂಡ ಮಕ್ಕಳಿಗೆ · ಕೆಲಸ ಕಳೆದುಕೊಂಡ ಪೋಷಕರಿಗೆ,tools/vo_eleven/EXAVITQu4vr4xnSDxMaL/K17.mp3,,"LPET's own 2020 relief poster beside a Kannada gloss strip. Two text blocks, one of them a document of record. The storyboard's rule for documents is no push at all."
K18,A,PHOTO,00:02:00:24,00:02:08:04,7.20,10,trim to 7.20s,tools/runway-plates/K18.png,assets/images/timeline/2022-library-bookshelves.jpg,CLEAR - no person in frame,2022ರಲ್ಲಿ ಪುಸ್ತಕದ ಕಪಾಟುಗಳು ಎದ್ದವು. ಗ್ರಾಮೀಣ ಶಾಲೆಗಳಲ್ಲಿ ಗ್ರಂಥಾಲಯಗಳು.,2022 · ಗ್ರಾಮೀಣ ಶಾಲೆಗಳಲ್ಲಿ ಗ್ರಂಥಾಲಯ,tools/vo_eleven/EXAVITQu4vr4xnSDxMaL/K18.mp3,"Locked-off documentary shot of a full library bookshelf in a rural school, books packed floor to ceiling. The camera pushes in very slowly and steadily, about four percent across the whole clip. Nothing else moves at all: no book shifts, no hand enters, no change of light. Warm indoor daylight, natural colour, no film grain, no stylisation.",Spine lettering. The model will reinvent every printed word on every spine. Reject any take where a spine's colour block moves or a book leans differently at the end than at the start. Keep the push under five percent: past that the reinvented type becomes readable as wrong.
K19,C,PHOTO,00:02:08:04,00:02:13:19,5.60,5,retime to 89.3% speed (5.60s from 5s),,assets/images/timeline/2022-students-in-school-library.jpg,"[C] - students browsing, almost all from behind","ದಾನವಾಗಿ ಬಂದ ಕಥೆ ಪುಸ್ತಕಗಳು, ಪಠ್ಯ ಪುಸ್ತಕಗಳು, ಬಳಸದೇ ಉಳಿದ ನೋಟ್‌ಬುಕ್‌ಗಳು.",,tools/vo_eleven/EXAVITQu4vr4xnSDxMaL/K19.mp3,"Static shot of donated storybooks and exercise books stacked in uneven piles on a low wooden shelf. Soft indoor daylight, shallow depth of field. No people, no hands, no readable print.",
K20,C,PHOTO,00:02:13:19,00:02:20:01,6.24,10,trim to 6.24s,,assets/images/timeline/2023-students-in-tribal-school-hall.jpg,[C] BLOCKING - approx 30 identifiable children,2023ರಲ್ಲಿ ವ್ಯಾಪ್ತಿ ಹಿಗ್ಗಿತು. ಮೈಸೂರು. ಎಚ್.ಡಿ. ಕೋಟೆ.,2023 · ಮೈಸೂರು · ಎಚ್.ಡಿ. ಕೋಟೆ,tools/vo_eleven/EXAVITQu4vr4xnSDxMaL/K20.mp3,"Static shot of the interior of a thatched-roof school hall, open at the sides, packed mud floor, dappled light coming through the roof. The camera holds still. No people.",
K21,B,PHOTO,00:02:20:01,00:02:28:12,8.48,,,"film.py, 3% push toward the chart",assets/images/timeline/2023-school-event-backdrop-photo.jpg,"ADULTS ONLY - four volunteers, no children",ಒಂಬತ್ತು ಮತ್ತು ಹತ್ತನೇ ತರಗತಿಯ ಮಕ್ಕಳಿಗೆ ವೃತ್ತಿ ಮಾರ್ಗದರ್ಶನ. ಬದುಕಿನ ದಾರಿ ಸದ್ದಿಲ್ಲದೆ ನಿರ್ಧಾರವಾಗುವ ವಯಸ್ಸು ಅದು.,9 ಮತ್ತು 10ನೇ ತರಗತಿಗೆ ವೃತ್ತಿ ಮಾರ್ಗದರ್ಶನ,tools/vo_eleven/EXAVITQu4vr4xnSDxMaL/K21.mp3,,"Two reasons, either sufficient. The subject is LPET's own printed career guidance chart, which is text. And the four people in frame are named volunteers whose faces a generative pass would redraw."
K22,A,PHOTO,00:02:28:12,00:02:39:13,11.04,10,retime to 90.6% speed (11.04s from 10s),tools/runway-plates/K22.png,assets/images/timeline/2024-car-trunk-filled-with-books-and-supplies.jpg,CLEAR - no person in frame,"2024ರಲ್ಲಿ ಎಂ.ಎಂ. ಹಿಲ್ಸ್‌ನ ಬುಡಕಟ್ಟು ಶಾಲೆಗಳಲ್ಲಿ ಇನ್ನೂರು ಶಾಲಾ ಚೀಲ, ನೋಟ್‌ಬುಕ್ ಮತ್ತು ಲೇಖನ ಸಾಮಗ್ರಿಗಳೊಂದಿಗೆ ಶೈಕ್ಷಣಿಕ ವರ್ಷ ಆರಂಭವಾಯಿತು.",2024 · ಎಂ.ಎಂ. ಹಿಲ್ಸ್ · 200 ಶಾಲಾ ಚೀಲ,tools/vo_eleven/EXAVITQu4vr4xnSDxMaL/K22.mp3,"Static high-angle documentary shot looking down into the open boot of a car packed with stacked school notebooks and textbooks. The camera holds completely still for the first two seconds, then begins an extremely slow push in, about three percent. The stacks stay exactly as they are. Overcast daylight. No people, no hands, nothing enters the frame.","Stack collapse. The model likes to settle a leaning pile. Reject any take where a stack slumps, slides or gains a book. Cover art on the notebooks will be redrawn; that is acceptable here because none of it is meant to be read, unlike the shelves in K18."
K23,C,PHOTO,00:02:39:13,00:02:46:15,7.06,10,trim to 7.06s,,assets/images/timeline/2025-children-with-volunteers-under-tree.jpg,[C] BLOCKING - approx 20 identifiable children and adults,"ಮತ್ತು 2025ರಲ್ಲಿ, ಎಚ್.ಡಿ. ಕೋಟೆಯಲ್ಲಿ, ಮುನ್ನೂರು.",2025 · ಎಚ್.ಡಿ. ಕೋಟೆ · 300 ಶಾಲಾ ಚೀಲ,tools/vo_eleven/EXAVITQu4vr4xnSDxMaL/K23.mp3,"Static shot of school bags set out in rows on bare ground under a large tamarind tree, dappled shade moving very slightly across them. A slow push toward the trunk of the tree. No people.",
K24,C,PHOTO,00:02:46:15,00:02:49:20,3.20,5,trim to 3.20s,,assets/images/timeline/2025-school-front-group-photo.jpg,"[C] BLOCKING - large group, faces small but identifiable",ಇದೆಲ್ಲ ಕಚೇರಿಯಲ್ಲಿ ಕುಳಿತು ಆಗುವ ಕೆಲಸವಲ್ಲ.,,tools/vo_eleven/EXAVITQu4vr4xnSDxMaL/K24.mp3,"Static wide shot of a school forecourt from a distance: a low compound wall, dust, two large trees, a single-storey painted building behind. Late afternoon. The camera does not move. No people.",
K25,B,PHOTO,00:02:49:20,00:02:56:07,6.48,,,"film.py, static, held 1s longer than the English cut",assets/images/timeline/2025-government-primary-school-sign.jpg,CLEAR - no identifiable person in the 16:9 window,"ಮುಖ್ಯೋಪಾಧ್ಯಾಯರೋ, ನೆರೆಹೊರೆಯವರೋ, ಊರಿನ ಹಿತೈಷಿಯೋ ಒಂದು ಹೆಸರು ಸೂಚಿಸುತ್ತಾರೆ.",,tools/vo_eleven/EXAVITQu4vr4xnSDxMaL/K25.mp3,,"The K01 board returning at a tighter focal length. The rhyme only works if it is visibly the same board, which is exactly what a generative pass cannot promise."
K26,A,PHOTO,00:02:56:07,00:03:05:07,9.00,10,trim to 9.00s,tools/runway-plates/K26.png,assets/images/children-stories/scholarship-interview-with-girl-and-guardian.jpeg,CLEAR after crop - the hands-and-form window excludes every face,"ತಂಡ ಆ ಊರಿಗೆ ಹೋಗುತ್ತದೆ. ಮಕ್ಕಳನ್ನೂ ಪೋಷಕರನ್ನೂ ಒಂದೆಡೆ ಸೇರಿಸಿ, ಪ್ರತಿ ಕುಟುಂಬದ ಜೊತೆ ಕೂತು ಮಾತನಾಡುತ್ತದೆ.",ಗುರುತಿಸುವುದು · ಪರಿಶೀಲಿಸುವುದು · ಒಳಗೊಳ್ಳುವುದು · ಬೆಳೆಸುವುದು,tools/vo_eleven/EXAVITQu4vr4xnSDxMaL/K26.mp3,"Static documentary shot of a worn wooden school desk. Hands rest on a paper form, a pen held above it. Almost nothing moves: the smallest natural settle of a hand, a breath of cotton fabric at the edge of frame. The camera does not move at all. Indoor daylight from one side. No face is visible anywhere in the frame.","TWO HARD REJECTS. First, fingers: discard any take where a hand gains or loses a finger, or where a wrist bends the wrong way. Second, and this one is a rights failure and not a quality failure, a face. This crop exists to keep every face out of the frame because the full photograph is a private conversation about a family's money (`07` item 2.10). If the model reveals a head at the top edge, the take is dead. The handwriting on the form will reflow into nonsense; it is out of focus and unreadable in the plate, so that is tolerable."
K27,B-card,CARD,00:03:05:07,00:03:13:05,7.92,,,tools/gfx/K27*.png,75 per cent card,n/a - graphics only,ನಂತರ ಟ್ರಸ್ಟ್ ಶಾಲಾ ಶುಲ್ಕದ ಶೇಕಡ ಎಪ್ಪತ್ತೈದರಷ್ಟನ್ನು ಭರಿಸುತ್ತದೆ. ಪೂರ್ತಿ ಅಲ್ಲ.,ಶಾಲಾ ಶುಲ್ಕದ ಶೇಕಡ 75ರವರೆಗೆ  //  ನೇರವಾಗಿ ಶಾಲೆಗೆ,tools/vo_eleven/EXAVITQu4vr4xnSDxMaL/K27.mp3,,Rendered by tools/gfx.py through headless Chrome. Never through a generative model.
K28,C,PHOTO,00:03:13:05,00:03:21:05,8.00,10,trim to 8.00s,,assets/images/timeline/2025-classroom-full-of-beneficiary-families.jpg,"[C] BLOCKING - families, adults and children identifiable",ಉಳಿದ ಪಾಲನ್ನು ಕುಟುಂಬವೇ ಕಟ್ಟುತ್ತದೆ. ಏಕೆಂದರೆ ತಾವೂ ಒಂದು ಪಾಲು ಹೊತ್ತ ಪೋಷಕರು ಮಗುವಿನ ಓದಿನ ಒಳಗೇ ಉಳಿಯುತ್ತಾರೆ.,,tools/vo_eleven/EXAVITQu4vr4xnSDxMaL/K28.mp3,"Static shot of a school classroom with plastic chairs arranged in rows facing a small table, empty, afternoon light through a window grille. A ceiling fan turns slowly. No people.",
K29,B-card,CARD,00:03:21:05,00:03:26:12,5.28,,,tools/gfx/K29*.png,Direct-to-school card,n/a - graphics only,ಮತ್ತು ಆ ಹಣ ನೇರವಾಗಿ ಶಾಲೆಗೇ ಸಲ್ಲುತ್ತದೆ. ಬೇರೆ ಯಾರ ಕೈಗೂ ಅಲ್ಲ.,ನೇರವಾಗಿ ಶಾಲೆಗೆ. ಬೇರೆ ಯಾರ ಕೈಗೂ ಅಲ್ಲ.,tools/vo_eleven/EXAVITQu4vr4xnSDxMaL/K29.mp3,,Rendered by tools/gfx.py through headless Chrome. Never through a generative model.
K30,C,PHOTO,00:03:26:12,00:03:36:02,9.60,10,trim to 9.60s,,assets/images/timeline/2025-volunteer-tying-shoe-for-child.jpg,"[C] BLOCKING - one volunteer and one child, both identifiable","ಬುಡಕಟ್ಟು ಶಾಲೆಗಳ ಮಕ್ಕಳ ಜೊತೆ ತಂಡ ಕೆಲವು ದಿನ ಉಳಿಯುತ್ತದೆ. ಕಲಿಸುತ್ತದೆ, ಕಲಿಯುತ್ತದೆ. ಆಮೇಲೆ ಚೀಲಗಳು ಮಕ್ಕಳ ಕೈ ಸೇರುತ್ತವೆ.",,tools/vo_eleven/EXAVITQu4vr4xnSDxMaL/K30.mp3,"Static close shot of hands only. An adult's hands fasten the buckle of a school bag that a child's hands are holding steady. The frame ends below both pairs of shoulders, so no face and no head is anywhere in shot. Natural indoor light, no camera movement.",
K31_t1,A,PHOTO,00:03:36:02,00:03:45:13,9.44,10,trim to 9.44s,tools/runway-plates/K31_t1.png,assets/images/timeline/2025-stationery-and-snacks-arranged.jpg,"CLEAR - no person, no brand in frame","ವಿದ್ಯಾರ್ಥಿವೇತನ ಒಂದರಿಂದಲೇ ಶಿಕ್ಷಣ ಪೂರ್ಣವಾಗುವುದಿಲ್ಲ. ಹಾಗಾಗಿ ಶಾಲಾ ಚೀಲ, ನೋಟ್‌ಬುಕ್, ಲೇಖನ ಸಾಮಗ್ರಿ, ಚಿತ್ರಕಲೆಯ ಪರಿಕರ.",ಶಾಲಾ ಸಾಮಗ್ರಿ ವಿತರಣೆ,tools/vo_eleven/EXAVITQu4vr4xnSDxMaL/K31.mp3,"Static shot of new school bags packed into the boot of a car. The camera holds still with a barely perceptible push in. Nothing moves. Daylight, no people.","Tile one of three. Generate all three, then rebuild the collage in the edit; film.py's collage layout cannot take moving tiles."
K31_t2,A,PHOTO,00:03:36:02,00:03:45:13,9.44,10,trim to 9.44s,tools/runway-plates/K31_t2.png,assets/images/timeline/2025-stationery-and-snacks-arranged.jpg,"CLEAR - no person, no brand in frame","ವಿದ್ಯಾರ್ಥಿವೇತನ ಒಂದರಿಂದಲೇ ಶಿಕ್ಷಣ ಪೂರ್ಣವಾಗುವುದಿಲ್ಲ. ಹಾಗಾಗಿ ಶಾಲಾ ಚೀಲ, ನೋಟ್‌ಬುಕ್, ಲೇಖನ ಸಾಮಗ್ರಿ, ಚಿತ್ರಕಲೆಯ ಪರಿಕರ.",ಶಾಲಾ ಸಾಮಗ್ರಿ ವಿತರಣೆ,tools/vo_eleven/EXAVITQu4vr4xnSDxMaL/K31.mp3,"Static overhead shot of pens, geometry boxes, crayons and exercise books laid out in rows on a floor. The camera holds still with a very slow, very small push in. No hand enters the frame. Even indoor daylight.","Tile two of three. Brand marks: this asset was chosen over two others precisely because it carries no commercial packaging (`06` rejects). If the model invents a logo, reject the take."
K31_t3,A,PHOTO,00:03:36:02,00:03:45:13,9.44,10,trim to 9.44s,tools/runway-plates/K31_t3.png,assets/images/timeline/2025-stationery-and-snacks-arranged.jpg,"CLEAR - no person, no brand in frame","ವಿದ್ಯಾರ್ಥಿವೇತನ ಒಂದರಿಂದಲೇ ಶಿಕ್ಷಣ ಪೂರ್ಣವಾಗುವುದಿಲ್ಲ. ಹಾಗಾಗಿ ಶಾಲಾ ಚೀಲ, ನೋಟ್‌ಬುಕ್, ಲೇಖನ ಸಾಮಗ್ರಿ, ಚಿತ್ರಕಲೆಯ ಪರಿಕರ.",ಶಾಲಾ ಸಾಮಗ್ರಿ ವಿತರಣೆ,tools/vo_eleven/EXAVITQu4vr4xnSDxMaL/K31.mp3,"Static shot looking down into a car boot filled with donated textbooks and notebooks in stacks. The camera holds still, then pushes in about three percent. Nothing shifts. Daylight, no people.",Tile three of three.
K32,C,PHOTOCARD,00:03:45:13,00:03:54:18,9.20,10,trim to 9.20s,,assets/images/magazine-gallery/kids-craft.jpeg,[C] BLOCKING - approx 8 identifiable children,"ಗ್ರಂಥಾಲಯಗಳು. ವೃತ್ತಿ ಮಾರ್ಗದರ್ಶನ. ಆಟಗಳು. ಮಕ್ಕಳು ಹಾಡಿ ಕುಣಿಯುವ ವೇದಿಕೆ, ಮತ್ತು ಅದನ್ನು ನೋಡಲೆಂದೇ ಬಂದ ಜನ.",ಕಲಿಕೆಯ ಆಟಗಳು · ನಾಡು ನುಡಿಯ ಪರಿಚಯ · ಗ್ರಾಮೀಣ ಶಾಲೆಗಳಲ್ಲಿ ಗ್ರಂಥಾಲಯ,tools/vo_eleven/EXAVITQu4vr4xnSDxMaL/K32.mp3,"Static overhead shot of a classroom floor mid-craft: coloured paper, blunt scissors, a glue stick and small folded paper shapes scattered on a mat. The camera holds still. No people, no hands in frame.",
K33,C,PHOTO,00:03:54:18,00:03:57:23,3.20,5,trim to 3.20s,,assets/images/timeline/2025-large-community-celebration-group-photo.jpg,"[C] BLOCKING - large hall, many identifiable","ಮಕ್ಕಳಿಗೆ ಮಾತ್ರವಲ್ಲ, ಪೋಷಕರಿಗೂ ಮಾರ್ಗದರ್ಶನ.",ಪೋಷಕರಿಗೆ ಮಾರ್ಗದರ್ಶನ,tools/vo_eleven/EXAVITQu4vr4xnSDxMaL/K33.mp3,"Static wide shot of an empty school hall with a low stage, a plain curtain backdrop and rows of plastic chairs. Side light through open doors. Ceiling fans still. No people.",
K34,B-card,CARD,00:03:57:23,00:04:10:11,12.52,,,tools/gfx/K34*.png,Hardest to reach card,n/a - graphics only,ತಲುಪುವುದೇ ಕಷ್ಟವಾದ ಮಕ್ಕಳನ್ನೂ ಈ ಕೆಲಸ ತಲುಪಿದೆ. ಏಕ ಪೋಷಕರ ಮಕ್ಕಳು. ಎಚ್‌ಐವಿ ಇರುವ ಕುಟುಂಬಗಳ ಮಕ್ಕಳು. ದೀರ್ಘಕಾಲದ ಆರೋಗ್ಯ ಸಮಸ್ಯೆ ಇರುವ ಮಕ್ಕಳು.,(no list on screen under this line),tools/vo_eleven/EXAVITQu4vr4xnSDxMaL/K34.mp3,,Rendered by tools/gfx.py through headless Chrome. Never through a generative model.
K35,B-card,CARD,00:04:10:11,00:04:18:15,8.16,,,tools/gfx/K35*.png,Partners card,n/a - graphics only,"ಈ ಕೆಲಸ ಬೆಳಕು ಟ್ರಸ್ಟ್, ಸೌಖ್ಯ ಸಮೃದ್ಧಿ ಸಂಸ್ಥೆ, ಜಿಲ್ಲಾ ಆರೋಗ್ಯ ಇಲಾಖೆ ಮತ್ತು ನಿಸರ್ಗ ಫೌಂಡೇಶನ್ ಜೊತೆಗೂಡಿ ನಡೆದಿದೆ.","ಸಹಭಾಗಿತ್ವದಲ್ಲಿ  //  ನಿಸರ್ಗ ಫೌಂಡೇಶನ್  //  ಬೆಳಕು ಟ್ರಸ್ಟ್, ಬಂಗಾರಪೇಟೆ  //  ಸೌಖ್ಯ ಸಮೃದ್ಧಿ ಸಂಸ್ಥೆ, ಕೋಲಾರ  //  ಜಿಲ್ಲಾ ಆರೋಗ್ಯ ಮತ್ತು ಕುಟುಂಬ ಕಲ್ಯಾಣ ಇಲಾಖೆ, ಕೋಲಾರ",tools/vo_eleven/EXAVITQu4vr4xnSDxMaL/K35.mp3,,Rendered by tools/gfx.py through headless Chrome. Never through a generative model.
K36,B,PHOTOCARD,00:04:18:15,00:04:30:22,12.28,,,"film.py, 5% push toward headline and caption",assets/images/timeline/2024-newspaper-coverage-clipping.jpg,THIRD-PARTY COPYRIGHT - BLOCKING,2024ರ ಜೂನ್‌ನಲ್ಲಿ ಒಂದು ಕನ್ನಡ ದಿನಪತ್ರಿಕೆ ಮುಳಬಾಗಿಲಿನ ಚಿತ್ರವನ್ನು ಪ್ರಕಟಿಸಿತು. ಏಕ ಪೋಷಕರ ಮಕ್ಕಳಿಗೆ ವಿದ್ಯಾರ್ಥಿವೇತನ ವಿತರಣೆ.,ಉದಯವಾಣಿ · 19 ಜೂನ್ 2024,tools/vo_eleven/EXAVITQu4vr4xnSDxMaL/K36.mp3,,"The Udayavani clipping, and the film's only independent verification. Two compounding reasons: the headline and caption are read on screen, and the clipping is third-party copyright with no written permission on file (`07` gate 3). It may not be uploaded anywhere."
K37,B,PHOTOCARD,00:04:30:22,00:04:42:06,11.36,,,"film.py, static",assets/images/awards/bharat-shiksha-ratan-award-certificate-scan.jpeg,CLEAR - document only,"2025ರ ಡಿಸೆಂಬರ್‌ನಲ್ಲಿ, ನವದೆಹಲಿಯ ರಾಷ್ಟ್ರೀಯ ಶೃಂಗಸಭೆಯಲ್ಲಿ, ಸಂಸ್ಥಾಪಕರಿಗೆ ಭಾರತ್ ಶಿಕ್ಷಾ ರತ್ನ ಪ್ರಶಸ್ತಿ ಸಂದಿತು.",ಭಾರತ್ ಶಿಕ್ಷಾ ರತ್ನ ಪ್ರಶಸ್ತಿ · 19 ಡಿಸೆಂಬರ್ 2025 · ನವದೆಹಲಿ  //  ಎಕನಾಮಿಕ್ ಅಂಡ್ ಸೋಶಿಯಲ್ ಡೆವಲಪ್‌ಮೆಂಟ್ ಫೌಂಡೇಶನ್,tools/vo_eleven/EXAVITQu4vr4xnSDxMaL/K37.mp3,,"The award certificate. A document, read on screen. No push, and no generative pass: a reworded certificate is a fabricated record."
K38,C,PHOTO,00:04:42:06,00:04:57:13,15.28,10,"two takes, cut at about 9s (15.28s total)",,assets/images/timeline/2025-volunteer-group-at-school-garden.jpg,ADULTS AND SOME CHILDREN - identifiable,"ಆದರೆ ಮುಖ್ಯವಾದ ದಾಖಲೆ ಪ್ರಶಸ್ತಿ ಪತ್ರದಲ್ಲಿ ಇಲ್ಲ. ಅದು ಒಂದು ಹೆಸರುಗಳ ಪಟ್ಟಿಯಲ್ಲಿದೆ. ಬೆಂಗಳೂರು, ಚೆನ್ನೈ, ಅಮೆರಿಕ, ಬ್ರಿಟನ್, ಜರ್ಮನಿ, ಡೆನ್ಮಾರ್ಕ್, ದುಬೈನಲ್ಲಿದ್ದು ನೆರವು ನೀಡಿದವರು.",ನೆರವು ನೀಡಿದವರಿಗೆ,tools/vo_eleven/EXAVITQu4vr4xnSDxMaL/K38.mp3,"Static shot of a school garden path in the morning, young saplings staked in a row along it, a metal watering can set down on the soil. Wet earth. The camera holds still, with a slow push along the path. No people.",
K39,C,PHOTO,00:04:57:13,00:05:06:12,8.96,10,trim to 8.96s,,assets/images/timeline/2025-hall-full-of-volunteers-and-children.jpg,[C] BLOCKING after crop - approx 60 identifiable,"ವಕೀಲರು, ಎಂಜಿನಿಯರ್‌ಗಳು, ವೈದ್ಯರು, ಗೃಹಿಣಿಯರು ಆಗಿರುವ ಸ್ವಯಂಸೇವಕರು. ಒಂದು ಮಗುವಿಗಾಗಿ ಫೋನ್ ಮಾಡಿದ ಶಿಕ್ಷಕರು.",ಸ್ವಯಂಸೇವಕರಿಗೆ  //  ವಕೀಲರು · ಎಂಜಿನಿಯರ್‌ಗಳು · ವೈದ್ಯರು · ಗೃಹಿಣಿಯರು,tools/vo_eleven/EXAVITQu4vr4xnSDxMaL/K39.mp3,"Static shot of an empty school hall, rows of plastic chairs and a folding table at the front, side light coming through open double doors. Dust in the light. No people, and no banner or lettering on the wall.",
K40,C,PHOTO,00:05:06:12,00:05:09:07,2.80,5,trim to 2.80s,,assets/images/timeline/2025-schoolchildren-showing-school-bags-on-veranda.jpg,[C] BLOCKING - approx 30 identifiable children,ಮತ್ತು ತಮ್ಮ ಪಾಲನ್ನು ತಪ್ಪದೇ ಕಟ್ಟಿದ ಪೋಷಕರು.,ಪೋಷಕರಿಗೆ  //  ತಮ್ಮ ಪಾಲಿನ ಶುಲ್ಕವನ್ನು ತಪ್ಪದೇ ಹೊಂದಿಸಿದವರು,tools/vo_eleven/EXAVITQu4vr4xnSDxMaL/K40.mp3,"Static close shot of a stack of blank paper forms and a pen on a wooden desk, shallow focus, no writing visible on any sheet. Indoor daylight. The camera does not move. No people.",
K41,C,PHOTO,00:05:09:07,00:05:21:01,11.76,10,"two takes, cut at about 9s (11.76s total)",,assets/images/timeline/2025-children-showing-school-bags-outdoors.jpg,[C] BLOCKING - approx 10 identifiable children,"ಈ ವರ್ಷ, ತನ್ನ ಆರೈಕೆಯಲ್ಲಿರುವ ಎಲ್ಲ ಮಕ್ಕಳನ್ನೂ ಬೆಂಗಳೂರಿಗೆ ಕರೆತರಬೇಕೆಂಬುದು ಟ್ರಸ್ಟ್‌ನ ಆಸೆ. ಒಂದು ಕಾರ್ಯಕ್ರಮ, ಒಂದು ದಿನದ ಸುತ್ತಾಟ, ಮನೆಗೆ ಒಯ್ಯಲು ಒಂದು ಉಡುಗೊರೆ.",,tools/vo_eleven/EXAVITQu4vr4xnSDxMaL/K41.mp3,"Static shot of a Bengaluru street from the footpath at first light, a canopy of rain trees overhead, the road still empty, shutters down. A very slow push forward. No people, no readable signage.",
K42,C,PHOTO,00:05:21:01,00:05:29:20,8.76,10,trim to 8.76s,,assets/images/timeline/2024-children-with-supplies-outdoors.jpg,[C] BLOCKING - approx 15 identifiable children and adults,ಅವರಲ್ಲಿ ಹಲವರಿಗೆ ಇದು ಈ ನಗರವನ್ನು ನೋಡುವ ಮೊದಲ ಬಾರಿ. ಕೆಲವರಿಗೆ ತಮ್ಮ ಊರು ಬಿಟ್ಟು ಹೊರಡುವ ಮೊದಲ ಬಾರಿ.,,tools/vo_eleven/EXAVITQu4vr4xnSDxMaL/K42.mp3,"Static wide shot of a hillside village in Karnataka at dawn, terraced fields below, a footpath descending toward a road, blue haze on the far ridge. The camera holds still, then drifts in very slightly. No people.",
K43,C,PHOTO,00:05:29:20,00:05:38:07,8.48,10,trim to 8.48s,,assets/images/timeline/2025-schoolwide-supplies-group-photo.jpg,[C] BLOCKING - as A240,ಮುಂದಿನ ಹತ್ತು ವರ್ಷವೂ ಹೀಗೇ. ಇನ್ನಷ್ಟು ಜಿಲ್ಲೆಗಳು. ಇನ್ನಷ್ಟು ಗ್ರಂಥಾಲಯಗಳು. ಓದು ನಿಲ್ಲದ ಇನ್ನಷ್ಟು ಮಕ್ಕಳು.,,tools/vo_eleven/EXAVITQu4vr4xnSDxMaL/K43.mp3,"Slow pull back from a painted school compound wall to reveal fields, a road and the far ridge behind it, dawn light. The widest framing in the film. Steady, even, no handheld movement. No people.",
K44,C,PHOTO,00:05:38:07,00:05:45:05,6.92,10,trim to 6.92s,,assets/images/timeline/2025-classroom-full-of-children-with-supplies.jpg,[C] BLOCKING - approx 40 identifiable children,ಹತ್ತು ವರ್ಷ. ಒಂದೊಂದೇ ಮಗು. ಸದ್ದಿಲ್ಲದೆ ಉಳಿಸಿಕೊಂಡ ಒಂದು ಮಾತು.,,tools/vo_eleven/EXAVITQu4vr4xnSDxMaL/K44.mp3,"Static shot of a yellow-painted classroom, empty wooden desks in rows, sunlight through a barred window laid across the floor. The camera holds still for two seconds, then a three percent push in. No people, no lettering on the walls.",
K45,C,PHOTO,00:05:45:05,00:05:50:22,5.68,0,,,assets/images/timeline/2025-classroom-full-of-children-with-supplies.jpg,[C] BLOCKING - as A224,ಲಾ ಪಾರ್ಕ್ ಎಜುಕೇಷನಲ್ ಟ್ರಸ್ಟ್‌ನ ಹತ್ತನೇ ವರ್ಷದ ಸಂಭ್ರಮಕ್ಕೆ ನಿಮಗೆಲ್ಲರಿಗೂ ಆತ್ಮೀಯ ಸ್ವಾಗತ.,,tools/vo_eleven/EXAVITQu4vr4xnSDxMaL/K45.mp3,"DO NOT GENERATE. This is the payoff: the welcome line lands on children's faces and the storyboard forbids cutting away from them while it is spoken. A synthetic stand-in here would put fabricated faces under the film's one sentence of direct address, in a film that exists to thank real people. Either the release for A224 is signed, or this shot holds on the last real frame and the end card comes early.",
K46,B-card,CARD,00:05:50:22,00:05:57:22,7.00,,,tools/gfx/K46*.png,End card,n/a - graphics only,,ಪ್ರತಿ ಮಗುವಿನ ಮೇಲೆ ನಂಬಿಕೆ ಇಟ್ಟ ಒಂದು ದಶಕ  //  ಲಾ ಪಾರ್ಕ್ ಎಜುಕೇಷನಲ್ ಟ್ರಸ್ಟ್ · 2016 ರಿಂದ 2026  //  ಒಂದು ಮಗುವಿನ ಹೆಸರು ಸೂಚಿಸಿ · ಸ್ವಯಂಸೇವಕರಾಗಿ · ಸಹಭಾಗಿಯಾಗಿ  //  journey.lawparkeducationaltrust.org  //  lawparktrust@gmail.com · +91 99456 65379,,,Rendered by tools/gfx.py through headless Chrome. Never through a generative model.
