timecode,seconds,shot,act,photograph,heading_en,heading_kn,vo_en,vo_kn,sfx_kind,sfx_cue,sfx_level_db_rel_narration,sfx_fade,consent,notes
00:00:00:00,0.00,S01,1 · The walk to school,2025-colorful-school-building-mantihadi__K04-enhanced.png,LAW PARK EDUCATIONAL TRUST / Ten Years · 2016 to 2026,ಲಾ ಪಾರ್ಕ್ ಎಜುಕೇಷನಲ್ ಟ್ರಸ್ಟ್ / ಹತ್ತು ವರ್ಷ · 2016 ರಿಂದ 2026,"Every year, in villages across Karnataka, children walk to a school like this one.","ಪ್ರತಿ ವರ್ಷ, ಕರ್ನಾಟಕದ ಹಳ್ಳಿಗಳಲ್ಲಿ, ಮಕ್ಕಳು ಇಂಥದೇ ಒಂದು ಶಾಲೆಗೆ ನಡೆದು ಬರುತ್ತಾರೆ.",bed,kai_audio-bedroom-room-tone-446021.mp3,-20,in 2.00s / out 3.00s,CLEAR after a crop above the adult at lower left,"Hold the frame still for the first 3s so the title can be read, then a 3 percent push toward the name board. Verify the Mantihadi board lettering on the enhanced render before picture lock."
00:00:00:00,0.00,S01,1 · The walk to school,,,,,,bed,dbsound-countryside-morning-sounds-246032.mp3,-15,in 2.50s / out 2.00s,,"ACT 1. A Karnataka village morning, before the narration names the Trust."
00:00:01:10,1.40,S01,1 · The walk to school,,,,,,accent,universfield-school-bell-199584.mp3,-16,in 0.05s / out 1.20s,,"A distant bell over the school building, under no narration. The only bell in the film."
00:00:09:00,9.00,S02,1 · The walk to school,2025-schoolwide-supplies-group-photo__K02-K43-enhanced.png,"Everything they own, / in one bag",ಇರುವುದೆಲ್ಲವೂ / ಒಂದೇ ಚೀಲದಲ್ಲಿ,"They carry everything they own in one bag. They are bright, and they are ready to learn.","ತಮ್ಮ ಬಳಿ ಇರುವುದೆಲ್ಲವನ್ನೂ ಒಂದೇ ಚೀಲದಲ್ಲಿ ಹೊತ್ತು ಬರುತ್ತಾರೆ. ಅವರಿಗೆ ಬುದ್ಧಿ ಇದೆ, ಕಲಿಯುವ ಹಂಬಲ ಇದೆ.",,,,,BLOCKING · approximately 60 identifiable children and adults,"Heading sits lower left, clear of the faces. 3 percent push in."
00:00:19:00,19.00,S03,1 · The walk to school,2025-child-with-school-kit-close-up__K03-enhanced.png,A school fee decides.,ಶಾಲಾ ಶುಲ್ಕ ತೀರ್ಮಾನಿಸುತ್ತದೆ.,"And somewhere between that walk and the classroom, a school fee decides.","ಆ ನಡಿಗೆಗೂ ತರಗತಿಗೂ ನಡುವೆ, ಶಾಲಾ ಶುಲ್ಕ ಒಂದು ತೀರ್ಮಾನ ತೆಗೆದುಕೊಂಡು ಬಿಡುತ್ತದೆ.",accent,freesound_community-1-note-piano-104171.mp3,-16,in 0.02s / out 0.90s,"BLOCKING · two children in close-up, fully identifiable. Highest priority release in the film","No push. The laugh sits still. The heading fades up only on the word 'decides' and the last 2.5s are dry: room tone, one piano note, nothing else."
00:00:25:15,25.60,S03,1 · The walk to school,,,,,,silence,"carved room tone, 1.4 s",silent,in 0.00s / out 0.00s,,"After the piano note, at the end of 'a school fee decides'. The film's premise lands dry: bed carved, no effect, no voice."
00:00:27:00,27.00,S04,1 · The walk to school,2025-schoolchildren-showing-bags-on-veranda__K40-enhanced.png,"“When it comes to education, no child / deserves to be left behind.” / Charulatha M. R., Founder","“ಶಿಕ್ಷಣದ ವಿಷಯದಲ್ಲಿ ಯಾವ ಮಗುವೂ / ಹಿಂದೆ ಉಳಿಯಬಾರದು.” / ಚಾರುಲತಾ ಎಂ. ಆರ್., ಸಂಸ್ಥಾಪಕಿ","For ten years, one Trust has stood at exactly that point, one child at a time.","ಹತ್ತು ವರ್ಷಗಳಿಂದ, ಒಂದು ಟ್ರಸ್ಟ್ ಸರಿಯಾಗಿ ಅಲ್ಲಿಯೇ ಬಂದು ನಿಂತಿದೆ. ಒಂದೊಂದೇ ಮಗುವಿಗೆ.",accent,black_kumizhi-dreamy-cinematic-riser-523158.mp3,-13,in 0.60s / out 0.40s,BLOCKING · approximately 20 identifiable children,The quote is the act seal. It holds for the last 3s over the photograph with the narration already out.
00:00:28:15,28.60,S04,1 · The walk to school,,,,,,accent,universfield-cinematic-low-hit-291095.mp3,-14,in 0.02s / out 0.70s,,"Soft low impact as the quote settles. It lands, it does not boom. Impact 1 of 2 in the film."
00:00:36:00,36.00,S05,2 · How it started,founders-charulatha-mr-founder-portrait__K08-enhanced.png,Charulatha M. R. / Founder,ಚಾರುಲತಾ ಎಂ. ಆರ್. / ಸಂಸ್ಥಾಪಕಿ,The Trust was founded by Charulatha M. R. She had been paying school fees for neighbourhood children long before there was a Trust.,ಟ್ರಸ್ಟ್ ಸ್ಥಾಪಿಸಿದವರು ಚಾರುಲತಾ ಎಂ. ಆರ್. ಟ್ರಸ್ಟ್ ಶುರುವಾಗುವ ಮೊದಲೇ ಅವರು ತಮ್ಮ ಬಡಾವಣೆಯ ಮಕ್ಕಳ ಶಾಲಾ ಶುಲ್ಕವನ್ನು ತಾವೇ ಕಟ್ಟುತ್ತಿದ್ದರು.,bed,dbsound-countryside-morning-sounds-246032.mp3,-16,in 2.00s / out 2.50s,"CLEAR · trustee, consent on file","Portrait. No effect on this shot and the next: two faces, two names, let them be quiet."
00:00:47:00,47.00,S06,2 · How it started,founders-trustee-sm-manjunatha-portrait__K09-enhanced.png,S. M. Manjunatha / Trustee · Sadenahalli,ಎಸ್. ಎಂ. ಮಂಜುನಾಥ / ಟ್ರಸ್ಟಿ · ಸಾದೇನಹಳ್ಳಿ,"She was joined by S. M. Manjunatha of Sadenahalli, the first in his family to leave the village to study.",ಅವರ ಜೊತೆಗೂಡಿದವರು ಸಾದೇನಹಳ್ಳಿಯ ಎಸ್. ಎಂ. ಮಂಜುನಾಥ. ಓದಲೆಂದು ಊರು ಬಿಟ್ಟು ನಗರಕ್ಕೆ ಬಂದ ತಮ್ಮ ಕುಟುಂಬದ ಮೊದಲ ವ್ಯಕ್ತಿ.,,,,,"CLEAR · trustee, consent on file",Source is WebP only. Request a JPEG original before the 4K master.
00:00:57:00,57.00,S07,2 · How it started,2016-chikkaballapur-first-school-visit-founder-teaching__K11-enhanced.png,2016 · Chickaballapur / First school visit. First scholarship.,2016 · ಚಿಕ್ಕಬಳ್ಳಾಪುರ / ಮೊದಲ ಶಾಲಾ ಭೇಟಿ. ಮೊದಲ ವಿದ್ಯಾರ್ಥಿವೇತನ.,In 2016 they made their first school visit. Chickaballapur. One child. One scholarship.,2016ರಲ್ಲಿ ಅವರು ಮೊದಲ ಶಾಲಾ ಭೇಟಿ ಮಾಡಿದರು. ಚಿಕ್ಕಬಳ್ಳಾಪುರ. ಒಂದು ಮಗು. ಒಂದು ವಿದ್ಯಾರ್ಥಿವೇತನ.,accent,creatorshome-turn-a-page-336933.mp3,-13,in 0.00s / out 0.00s,BLOCKING · approximately 30 identifiable children and 4 adults,"The origin beat. One page turn on the cut, then the last 4s are silent under 'One child. One scholarship.'"
00:01:06:02,66.10,S07,2 · How it started,,,,,,silence,"carved room tone, 1.9 s",silent,in 0.00s / out 0.00s,,"'One child. One scholarship.' has finished. The line is left to stand on its own, as it does in the approved Kannada cut."
00:01:08:00,68.00,S08,2 · How it started,2016-steel-plates-and-glasses-distribution-150-students__K13-enhanced.png,150 students / steel plates and steel glasses,150 ವಿದ್ಯಾರ್ಥಿಗಳು / ಸ್ಟೀಲ್ ತಟ್ಟೆ ಮತ್ತು ಲೋಟ,"On the same visit, a hundred and fifty students received steel plates and steel glasses.",ಅದೇ ಭೇಟಿಯಲ್ಲಿ ನೂರೈವತ್ತು ವಿದ್ಯಾರ್ಥಿಗಳಿಗೆ ಸ್ಟೀಲ್ ತಟ್ಟೆ ಮತ್ತು ಲೋಟ ವಿತರಿಸಲಾಯಿತು.,,,,,BLOCKING · approximately 15 identifiable children,"Push along the line of plates, not into the faces. The 150 numeral carries the heading; set it in the display face."
00:01:17:00,77.00,S09,2 · How it started,2017-scholarship-group-photo-school-veranda-10-students__K14-enhanced.png,2017 · One became ten,2017 · ಒಂದು ಹತ್ತಾಯಿತು,"In 2017, one became ten. Ten students received scholarships, and the work simply continued.",2017ರಲ್ಲಿ ಒಂದು ಹತ್ತಾಯಿತು. ಹತ್ತು ಮಕ್ಕಳಿಗೆ ವಿದ್ಯಾರ್ಥಿವೇತನ. ಕೆಲಸ ಹಾಗೇ ಮುಂದುವರಿಯಿತು.,accent,lesiakower-gentle-amp-echoing-whoosh-sound-effect-451056.mp3,-18,in 0.20s / out 0.80s,BLOCKING · 14 identifiable people including 2 children,"Act 2 into act 3. The whoosh sits on the last 2s, under no narration."
00:01:27:00,87.00,S10,3 · A decade of showing up,2018-classroom-presentation-session__K15a-enhanced.png,2018 · The same roads,2018 · ಅದೇ ದಾರಿಗಳು,"Year after year, the same roads, the same schools, and more children.","ವರ್ಷದಿಂದ ವರ್ಷಕ್ಕೆ. ಅದೇ ದಾರಿಗಳು, ಅದೇ ಶಾಲೆಗಳು, ಇನ್ನಷ್ಟು ಮಕ್ಕಳು.",bed,freesound_community-open_field_winds_summer_ambience-64761.mp3,-15,in 2.50s / out 2.50s,"BLOCKING · 4 identifiable adults, children in foreground from behind",Act 3 opens. The open field wind bed comes in here and runs to S16.
00:01:35:00,95.00,S11,3 · A decade of showing up,2019-community-group-photo-outdoors__K15b-enhanced.png,2019 · The ordinary years,2019 · ಸಾಮಾನ್ಯ ವರ್ಷಗಳು,Nobody photographs the ordinary years. These are the years the work is made of.,ಸಾಮಾನ್ಯ ವರ್ಷಗಳನ್ನು ಯಾರೂ ಫೋಟೋ ತೆಗೆಯುವುದಿಲ್ಲ. ಆದರೆ ಕೆಲಸ ಕಟ್ಟಿರುವುದು ಆ ವರ್ಷಗಳಿಂದಲೇ.,,,,,BLOCKING · approximately 15 identifiable people,No effect. The bed carries it.
00:01:44:00,104.00,S12,3 · A decade of showing up,2021-scholarship-distribution-crowd__K16-enhanced.png,2020 to 2021 · Pandemic relief / The help did not stop,2020 ರಿಂದ 2021 · ಸಾಂಕ್ರಾಮಿಕ ನೆರವು / ನೆರವು ನಿಲ್ಲಲಿಲ್ಲ,"In 2020 schools closed and families lost work. The Trust published a single page, and the help did not stop.","2020ರಲ್ಲಿ ಶಾಲೆಗಳು ಮುಚ್ಚಿದವು, ದುಡಿಮೆ ನಿಂತಿತು. ಟ್ರಸ್ಟ್ ಒಂದೇ ಪುಟದ ಪ್ರಕಟಣೆ ಹೊರಡಿಸಿತು. ನೆರವು ನಿಲ್ಲಲಿಲ್ಲ.",accent,spinopel-paper-rustle-345748.mp3,-14,in 0.30s / out 1.00s,"BLOCKING · a crowd, many identifiable faces","The 2020 relief poster is text-critical and deliberately not in the enhanced pack, so this 2021 crowd carries the 2020 to 2021 beat. The heading says both years so picture and text do not disagree. If the Trust wants the poster itself, use the un-enhanced K17 from the pack root."
00:01:55:00,115.00,S13,3 · A decade of showing up,2022-rural-school-library-bookshelves__K18-enhanced.png,2022 · Libraries in rural schools,2022 · ಗ್ರಾಮೀಣ ಶಾಲೆಗಳಲ್ಲಿ ಗ್ರಂಥಾಲಯಗಳು,"In 2022 the shelves went up. Libraries in rural schools, filled with donated story books and academic books.","2022ರಲ್ಲಿ ಕಪಾಟುಗಳು ಎದ್ದವು. ಗ್ರಾಮೀಣ ಶಾಲೆಗಳಲ್ಲಿ ಗ್ರಂಥಾಲಯಗಳು, ದಾನದ ಪುಸ್ತಕಗಳಿಂದ ತುಂಬಿದವು.",accent,creatorshome-turn-a-page-336933.mp3,-15,in 0.00s / out 0.00s,CLEAR · no identifiable person,NO FACES. The one shot in act 3 that can take a slow push across the full width without a consent question.
00:02:05:00,125.00,S14,3 · A decade of showing up,2022-students-in-school-library__K19-enhanced.png,Books the children can reach,ಮಕ್ಕಳ ಕೈಗೆಟುಕುವ ಪುಸ್ತಕಗಳು,"And unused notebooks, because a book nobody opens is not a library.",ಬಳಸದೇ ಉಳಿದ ನೋಟ್‌ಬುಕ್‌ಗಳು ಕೂಡ. ಯಾರೂ ತೆರೆಯದ ಪುಸ್ತಕ ಗ್ರಂಥಾಲಯ ಆಗುವುದಿಲ್ಲ.,,,,,"REVIEW · 6 identifiable adults, no children","Heading goes bottom left, on the empty shelf, not over the people."
00:02:14:00,134.00,S15,3 · A decade of showing up,2023-career-guidance-chart-volunteers__K21-enhanced.png,2023 · Career guidance / 9th and 10th standard,2023 · ವೃತ್ತಿ ಮಾರ್ಗದರ್ಶನ / 9 ಮತ್ತು 10ನೇ ತರಗತಿ,"In 2023, career guidance for ninth and tenth standard students, at the age when a decision quietly gets made.",2023ರಲ್ಲಿ ಒಂಬತ್ತು ಮತ್ತು ಹತ್ತನೇ ತರಗತಿಗೆ ವೃತ್ತಿ ಮಾರ್ಗದರ್ಶನ. ಬದುಕಿನ ದಾರಿ ಸದ್ದಿಲ್ಲದೆ ನಿರ್ಧಾರವಾಗುವ ವಯಸ್ಸು ಅದು.,,,,,"REVIEW · 5 identifiable adults, no children",The chart carries a third-party project mark. Crop it out or clear it before picture lock: 14 item 2.2.
00:02:25:00,145.00,S16,3 · A decade of showing up,2023-mysore-hd-kote-tribal-school-hall__K20-enhanced.png,2023 · Mysuru · H.D. Kote,2023 · ಮೈಸೂರು · ಎಚ್.ಡಿ. ಕೋಟೆ,The same year the map widened. Mysore. H.D. Kote. And the tribal schools beyond them.,ಅದೇ ವರ್ಷ ವ್ಯಾಪ್ತಿ ಹಿಗ್ಗಿತು. ಮೈಸೂರು. ಎಚ್.ಡಿ. ಕೋಟೆ. ಮತ್ತು ಅಲ್ಲಿನ ಬುಡಕಟ್ಟು ಶಾಲೆಗಳು.,accent,audiopapkin-riser-hit-sfx-001-289802.mp3,-15,in 0.50s / out 0.60s,BLOCKING · approximately 45 identifiable children,"The swell into act 4 sits on the last 3s, under no narration."
00:02:34:00,154.00,S17,4 · The way the work is done,method-scholarship-interview-hands-form__K26-enhanced.png,Identify · Validate / Embrace · Incubate,ಗುರುತಿಸುವುದು · ಪರಿಶೀಲಿಸುವುದು / ಅಪ್ಪಿಕೊಳ್ಳುವುದು · ಬೆಳೆಸುವುದು,None of this happens from an office. A principal or a neighbour puts a name forward. The team drives out and sits with the family.,ಇದೆಲ್ಲ ಕಚೇರಿಯಲ್ಲಿ ಕುಳಿತು ಆಗುವುದಲ್ಲ. ಮುಖ್ಯೋಪಾಧ್ಯಾಯರೋ ನೆರೆಹೊರೆಯವರೋ ಒಂದು ಹೆಸರು ಹೇಳುತ್ತಾರೆ. ತಂಡ ಅಲ್ಲಿಗೆ ಹೋಗಿ ಕುಟುಂಬದ ಜೊತೆ ಕೂರುತ್ತದೆ.,bed,dbsound-insects-birds-field-596099.mp3,-17,in 3.00s / out 3.00s,BLOCKING · 2 identifiable children and 3 adults,The storyboard crops this to the hands and the form. Keep that crop: it removes the consent question and it is the better picture.
00:02:34:05,154.20,S17,4 · The way the work is done,,,,,,accent,soundreality-hit-windy-thud-399086.mp3,-17,in 0.10s / out 1.20s,,The act 4 turn gets one soft windy landing and nothing else.
00:02:46:00,166.00,S18,4 · The way the work is done,2025-volunteer-outdoor-activity-with-children__K30-enhanced.png,Up to 75% of the school fee / Paid directly to the school,ಶಾಲಾ ಶುಲ್ಕದ ಶೇ. 75ರವರೆಗೆ / ನೇರವಾಗಿ ಶಾಲೆಗೆ ಪಾವತಿ,The Trust covers up to seventy-five per cent of the school fee. Not all of it. The family carries the rest.,ಟ್ರಸ್ಟ್ ಶಾಲಾ ಶುಲ್ಕದ ಶೇಕಡಾ ಎಪ್ಪತ್ತೈದರಷ್ಟನ್ನು ಭರಿಸುತ್ತದೆ. ಪೂರ್ತಿ ಅಲ್ಲ. ಉಳಿದದ್ದನ್ನು ಕುಟುಂಬ ಹೊರುತ್ತದೆ.,silence,"carved room tone, 1.5 s",silent,in 0.00s / out 0.00s,BLOCKING · 2 identifiable children,"SILENCE CUE. Everything drops out under 'Not all of it'. No bed, no effect, room tone only, for 1.5s. The dignity rule: the 25 per cent the family pays is the point of the sentence."
00:02:56:00,176.00,S19,4 · The way the work is done,2025-stationery-and-snacks-arranged__K31-enhanced.png,What goes into one bag,ಒಂದು ಚೀಲದೊಳಗೆ ಏನಿರುತ್ತದೆ,"A scholarship on its own is not an education. So there are bags, notebooks, stationery and drawing kits.","ವಿದ್ಯಾರ್ಥಿವೇತನ ಒಂದೇ ಶಿಕ್ಷಣ ಆಗುವುದಿಲ್ಲ. ಹಾಗಾಗಿ ಚೀಲ, ನೋಟ್‌ಬುಕ್, ಲೇಖನ ಸಾಮಗ್ರಿ ಮತ್ತು ಚಿತ್ರಕಲೆ ಸಾಮಗ್ರಿಗಳೂ ಇವೆ.",accent,spinopel-paper-rustle-345748.mp3,-16,in 0.20s / out 0.80s,CLEAR · no identifiable person,NO FACES. Brand packaging is visible on the crayon and watercolour packs. Grade it down or crop past it: neighbouring assets were cut from the film for exactly this.
00:03:06:00,186.00,S20,4 · The way the work is done,2024-mm-hills-200-school-bags-car-trunk__K22-enhanced.png,2024 · M.M. Hills / 200 school bags,2024 · ಎಂ.ಎಂ. ಹಿಲ್ಸ್ / 200 ಶಾಲಾ ಚೀಲ,"In 2024 the Trust opened the school year at the tribal schools of M.M. Hills, with two hundred school bags, notebooks and stationery.","2024ರಲ್ಲಿ ಎಂ.ಎಂ. ಹಿಲ್ಸ್‌ನ ಬುಡಕಟ್ಟು ಶಾಲೆಗಳಲ್ಲಿ ಇನ್ನೂರು ಶಾಲಾ ಚೀಲ, ನೋಟ್‌ಬುಕ್ ಮತ್ತು ಲೇಖನ ಸಾಮಗ್ರಿಗಳಿಂದ ಶಾಲಾ ವರ್ಷ ಶುರುವಾಯಿತು.",accent,freesound_community-backpack-34942.mp3,-13,in 0.10s / out 0.60s,CLEAR · no identifiable person,"NO FACES. Portrait source, so crop to the boot opening and let the 200 numeral sit in the dark of the car body."
00:03:18:00,198.00,S21,4 · The way the work is done,2024-children-with-supplies-outdoors__K42-enhanced.png,Carried in by hand,ಕೈಯಲ್ಲೇ ಹೊತ್ತು ತಂದದ್ದು,Loaded into a car boot in the city. Carried in by hand.,"ನಗರದಲ್ಲಿ ಕಾರಿನ ಡಿಕ್ಕಿಯಲ್ಲಿ ತುಂಬಿ, ಕೈಯಲ್ಲೇ ಹೊತ್ತು ತಂದದ್ದು.",bed,ranjit_foley-indian-village-ambience-219221.mp3,-21,in 2.00s / out 2.00s,BLOCKING · approximately 30 identifiable children,"Short shot, deliberately. It is the answer to the car boot, not a beat of its own."
00:03:25:00,205.00,S22,5 · The widening circle,2025-hd-kote-300-school-bags-under-tree__K23-enhanced.png,2025 · H.D. Kote / 300 school bags,2025 · ಎಚ್.ಡಿ. ಕೋಟೆ / 300 ಶಾಲಾ ಚೀಲ,"And in 2025, in H.D. Kote, three hundred. This time with Nisarga Foundation beside us.","ಮತ್ತು 2025ರಲ್ಲಿ, ಎಚ್.ಡಿ. ಕೋಟೆಯಲ್ಲಿ, ಮುನ್ನೂರು. ಈ ಬಾರಿ ನಿಸರ್ಗ ಫೌಂಡೇಶನ್ ಜೊತೆಯಾಗಿ.",bed,tape-echo-spring-spring-is-coming_25sec-596343.mp3,-20,in 3.00s / out 3.00s,BLOCKING · approximately 8 identifiable children and 10 adults,"The film's high point. One soft low land on the number, then the remaining 3.5s stay clean. No swell on top of it."
00:03:31:07,211.30,S22,5 · The widening circle,,,,,,accent,universfield-cinematic-low-hit-291095.mp3,-13,in 0.02s / out 0.60s,,"Soft low land under 'three hundred', then the 3.5s hold after it stays clean. Impact 2 of 2, and the film's last impact."
00:03:35:00,215.00,S23,5 · The widening circle,2025-children-showing-school-bags-outdoors__K41-enhanced.png,A bag for every child,ಪ್ರತಿ ಮಗುವಿಗೂ ಒಂದು ಚೀಲ,"No stage. No handover photograph. Just a field, and a bag for every child.","ವೇದಿಕೆ ಇಲ್ಲ. ಹಸ್ತಾಂತರದ ಫೋಟೋ ಇಲ್ಲ. ಒಂದು ಬಯಲು, ಪ್ರತಿ ಮಗುವಿಗೂ ಒಂದು ಚೀಲ.",,,,,BLOCKING · approximately 30 identifiable children,Crop the animal out of the lower right corner.
00:03:43:00,223.00,S24,5 · The widening circle,2025-classroom-children-with-supplies__K44-K45-enhanced.png,The team stays a few days,ತಂಡ ಕೆಲವು ದಿನ ಉಳಿಯುತ್ತದೆ,"With the children at the tribal schools, the team stays a few days. They teach, they learn, and then the bags are handed over.",ಬುಡಕಟ್ಟು ಶಾಲೆಗಳ ಮಕ್ಕಳ ಜೊತೆ ತಂಡ ಕೆಲವು ದಿನ ಉಳಿಯುತ್ತದೆ. ಕಲಿಸುತ್ತದೆ. ಕಲಿಯುತ್ತದೆ. ಆಮೇಲೆ ಚೀಲಗಳು ಕೈ ಸೇರುತ್ತವೆ.,accent,mrstokes302-backpack-zipper-sfx-mrstokes302-585349.mp3,-14,in 0.10s / out 0.70s,BLOCKING · approximately 35 identifiable children. Consent critical,"A second zip, deliberately a different recording from S20, so the pair does not read as one sound used twice."
00:03:54:00,234.00,S25,5 · The widening circle,programs-kids-craft-learning-games__K32-enhanced.png,"Games, drawing, reading, / a stage of their own","ಆಟ, ಚಿತ್ರಕಲೆ, ಓದು, / ಅವರದೇ ಒಂದು ವೇದಿಕೆ","There are games, drawing, reading, and a stage on which children sing and dance.","ಆಟ, ಚಿತ್ರಕಲೆ, ಓದು, ಮತ್ತು ಮಕ್ಕಳು ಹಾಡಿ ಕುಣಿಯುವ ಒಂದು ವೇದಿಕೆ.",,,,,BLOCKING · 7 identifiable children,Portrait source. Crop to the row of raised hands.
00:04:02:00,242.00,S26,5 · The widening circle,2025-classroom-beneficiary-families__K28-enhanced.png,"In partnership with / Nisarga Foundation · Belaku Trust, Bangarpet / Soukhya Samrudhi Samsthe, Kolar / District Health and Family Welfare Department, Kolar","ಸಹಯೋಗದಲ್ಲಿ / ನಿಸರ್ಗ ಫೌಂಡೇಶನ್ · ಬೆಳಕು ಟ್ರಸ್ಟ್, ಬಂಗಾರಪೇಟೆ / ಸೌಖ್ಯ ಸಮೃದ್ಧಿ ಸಂಸ್ಥೆ, ಕೋಲಾರ / ಜಿಲ್ಲಾ ಆರೋಗ್ಯ ಮತ್ತು ಕುಟುಂಬ ಕಲ್ಯಾಣ ಇಲಾಖೆ, ಕೋಲಾರ",And the work reaches children it would have been easier not to reach. Children of single parents. Children from HIV-affected families.,ತಲುಪಲು ಕಷ್ಟವಾದ ಮಕ್ಕಳನ್ನೂ ಈ ಕೆಲಸ ತಲುಪುತ್ತದೆ. ಒಂಟಿ ಪೋಷಕರ ಮಕ್ಕಳು. ಎಚ್.ಐ.ವಿ. ಬಾಧಿತ ಕುಟುಂಬಗಳ ಮಕ್ಕಳು.,accent,lesiakower-gentle-amp-echoing-whoosh-sound-effect-451056.mp3,-15,in 0.00s / out 0.80s,BLOCKING · approximately 60 identifiable people including children. A health-status claim is spoken over this frame,"TRUSTEE CONFIRMATION REQUIRED for permission to display each partner's name. Do not name any child over this frame, and do not let the narration line and any single face read as attached to each other: hold wide, no push."
00:04:13:00,253.00,S27,"6 · Gratitude, and the next ten",2025-volunteer-group-at-school-garden__K38-enhanced.png,The volunteers,ಸ್ವಯಂಸೇವಕರು,"The record that matters is a list of names. Volunteers who are advocates, engineers, counsellors, doctors and homemakers.","ಮುಖ್ಯವಾದ ದಾಖಲೆ ಒಂದು ಹೆಸರುಗಳ ಪಟ್ಟಿ. ವಕೀಲರು, ಇಂಜಿನಿಯರ್‌ಗಳು, ಆಪ್ತಸಮಾಲೋಚಕರು, ವೈದ್ಯರು, ಗೃಹಿಣಿಯರು: ಎಲ್ಲರೂ ಸ್ವಯಂಸೇವಕರು.",bed,gigidelaromusic-warm-pad-fragment-short-450964.mp3,-15,in 3.00s / out 4.50s,REVIEW · 14 identifiable adults and 2 young people,Act 6 opens. The warm pad comes in here and carries to the end card.
00:04:13:04,253.15,S27,"6 · Gratitude, and the next ten",,,,,,accent,lesiakower-gentle-amp-echoing-whoosh-sound-effect-451056.mp3,-18,in 0.00s / out 0.80s,,"Act 6 opens. Whoosh 3 of 3, the lowest of the three."
00:04:24:00,264.00,S28,"6 · Gratitude, and the next ten",2025-hall-volunteers-and-children__K39-enhanced.png,"The donors, the teachers, / the parents who paid their share","ದಾನಿಗಳು, ಶಿಕ್ಷಕರು, / ತಮ್ಮ ಪಾಲು ಕಟ್ಟಿದ ಪೋಷಕರು","Donors in Bengaluru and Chennai, in America, Britain, Germany, Denmark and Dubai. Teachers who picked up a phone about one child.","ಬೆಂಗಳೂರು, ಚೆನ್ನೈ, ಅಮೆರಿಕ, ಬ್ರಿಟನ್, ಜರ್ಮನಿ, ಡೆನ್ಮಾರ್ಕ್ ಮತ್ತು ದುಬೈನ ದಾನಿಗಳು. ಒಂದು ಮಗುವಿಗಾಗಿ ಫೋನ್ ಮಾಡಿದ ಶಿಕ್ಷಕರು.",,,,,BLOCKING · approximately 70 identifiable people including children,A third-party school name is legible on the banner. Clear it or crop it before picture lock.
00:04:34:00,274.00,S29,"6 · Gratitude, and the next ten",2025-school-front-group-photo__K24-enhanced.png,Udayavani · 19 June 2024 / Bharat Shiksha Ratan Award · 19 December 2025 · New Delhi / Economic and Social Development Foundation,ಉದಯವಾಣಿ · 19 ಜೂನ್ 2024 / ಭಾರತ ಶಿಕ್ಷಾ ರತ್ನ ಪ್ರಶಸ್ತಿ · 19 ಡಿಸೆಂಬರ್ 2025 · ನವದೆಹಲಿ / ಎಕನಾಮಿಕ್ ಅಂಡ್ ಸೋಶಿಯಲ್ ಡೆವಲಪ್‌ಮೆಂಟ್ ಫೌಂಡೇಶನ್,In June 2024 a Kannada daily carried the work from Mulbagal. In December 2025 the Founder received the Bharat Shiksha Ratan Award.,2024ರ ಜೂನ್‌ನಲ್ಲಿ ಕನ್ನಡ ಪತ್ರಿಕೆಯೊಂದು ಈ ಕೆಲಸವನ್ನು ವರದಿ ಮಾಡಿತು. ಮುಂದಿನ ವರ್ಷ ಸಂಸ್ಥಾಪಕಿಗೆ ಭಾರತ ಶಿಕ್ಷಾ ರತ್ನ ಪ್ರಶಸ್ತಿ ಸಂದಿತು.,accent,edr-electronic-impact-soft-10019.mp3,-18,in 0.02s / out 0.80s,BLOCKING · approximately 35 identifiable people including children,"NO FANFARE. The newspaper clipping and the certificate are both text-critical and deliberately absent from the enhanced pack, so the recognition is carried as text over a school, which is where the work actually happened. Do not name presenting ministers."
00:04:36:00,276.00,S29,"6 · Gratitude, and the next ten",,,,,,silence,"carved room tone, 11.0 s",silent,in 0.00s / out 0.00s,,"NO FANFARE under the award. One soft lift on the heading in the first 1.8s, then nothing builds for the rest of the shot. The voice keeps running. See 11 section 1."
00:04:47:00,287.00,S30,"6 · Gratitude, and the next ten",2025-large-community-celebration-group__K33-enhanced.png,Ten Years · 2016 to 2026 / LAW PARK EDUCATIONAL TRUST / Welcome,ಹತ್ತು ವರ್ಷ · 2016 ರಿಂದ 2026 / ಲಾ ಪಾರ್ಕ್ ಎಜುಕೇಷನಲ್ ಟ್ರಸ್ಟ್ / ಸ್ವಾಗತ,"Ten years. One promise, kept quietly, one child at a time. Welcome to the tenth anniversary of Law Park Educational Trust.",ಹತ್ತು ವರ್ಷ. ಸದ್ದಿಲ್ಲದೆ ಕಾಪಾಡಿಕೊಂಡ ಒಂದು ಮಾತು. ಒಂದೊಂದೇ ಮಗು. ಲಾ ಪಾರ್ಕ್ ಎಜುಕೇಷನಲ್ ಟ್ರಸ್ಟ್‌ನ ಹತ್ತನೇ ವರ್ಷದ ಸಂಭ್ರಮಕ್ಕೆ ನಿಮ್ಮೆಲ್ಲರಿಗೂ ಆತ್ಮೀಯ ಸ್ವಾಗತ.,accent,vvqne-applause-383901.mp3,-20,in 1.20s / out 2.60s,BLOCKING · approximately 80 identifiable people including children,"The last 4s hold with the narration out: heading, applause low, one piano note to resolve, then fade to black over 20 frames."
00:04:58:05,298.20,S30,"6 · Gratitude, and the next ten",,,,,,accent,freesound_community-1-note-piano-104171.mp3,-18,in 0.02s / out 1.40s,,"One piano note to resolve the film, answering the note on 'decides' at S03. Stands in until a warm non-electronic chime is auditioned."
